iteration,seed,accuracy_train,accuracy_test,loss_train,loss_test,gen_error_accuracy,gen_error_loss,beta_PM,W1_F_sq,W2_F_sq,complexity,regularization,n_per_Phase
1,11122,0.75,0.498,0.8710428730149562,0.9216511615411376,0.252,0.0506082885261813,2.904494017542397,0.133020863848508,0.1635502872525782,1.5817394181441895,0.1601307698558627,[1 1 2 4]
5,11166,0.75,0.424,1.2305472685306644,1.3210773948213808,0.326,0.0905301262907163,2.9795820145623115,0.1414118581872704,0.4489973500889459,2.2894539115076364,0.1544608891374704,[0 5 2 1]
8,11199,0.75,0.349,0.4882216315214183,0.6432930848918683,0.401,0.15507145337045,2.972030059312355,0.3751400112730232,0.5890546220837226,2.9183377471408143,0.0174062256124682,[0 4 2 2]
11,11232,0.75,0.456,1.8765071051311537,1.89829942036167,0.294,0.0217923152305163,2.892820733598652,0.1789173083479883,0.1712216412539916,1.7117555071758188,0.4638975473852835,[1 1 1 5]
14,11265,0.75,0.437,2.6098177537601432,2.667980591888074,0.313,0.0581628381279308,2.959543844912321,0.1671956805402275,0.4843605426083243,2.388915162380368,0.3803628925453425,[1 1 1 5]
18,11309,0.75,0.393,0.8178879390856144,0.9044699552128772,0.357,0.0865820161272628,2.922315689642262,0.1239258576056343,0.1729720834759367,1.5923213664624485,0.1455307941547873,[1 0 1 6]
20,11331,0.875,0.471,1.279771780284649,1.3250396363030388,0.404,0.0452678560183896,2.853226062201783,0.1585188304695337,0.1974276302964507,1.7022702996255217,0.2721329111453806,[0 0 1 7]
21,11342,1.0,0.533,1.189704822931858,1.309213586456468,0.4669999999999999,0.1195087635246099,2.952337822568831,0.1423186288914622,0.2452891646302319,1.838071074583431,0.2336232475045096,[0 0 0 8]
22,11353,1.0,0.555,0.2827666352664625,0.4740812129373615,0.4449999999999999,0.191314577670899,2.986237239069029,0.882544146415076,0.5429088436246703,3.56533839883428,0.0031962734283528,[0 4 0 4]
26,11397,0.75,0.45,2.2044465152718664,2.342297355753608,0.3,0.1378508404817418,2.9595432749671806,0.17132886919183,0.2508013498501401,1.9228611115677896,0.4907333747252176,[0 0 1 7]
28,11419,0.75,0.335,0.2337650292045564,0.5524800523828666,0.415,0.3187150231783101,4.880711789132777,0.9787219910100508,0.2795378569207564,5.474800925070057,0.0001444405471847,[0 2 2 4]
29,11430,0.75,0.482,0.7207710566191129,0.7614269939760876,0.268,0.0406559373569747,2.972891883848729,0.1555365367661052,0.3683918782981537,2.1518653467098656,0.0562875341092812,[1 2 1 4]
30,11441,0.75,0.433,1.4867078796980384,1.5190267609714043,0.317,0.0323188812733659,3.0052364292271894,0.181869313382452,0.3779457809838491,2.248541703474792,0.2081295169449415,[0 3 2 3]
32,11463,0.75,0.508,1.290122711775226,1.3010809797336864,0.242,0.0109582679584603,2.937930279410419,0.1686344608486483,0.2437161477635866,1.886578171664674,0.2174308736624336,[0 2 2 4]
34,11485,0.75,0.409,4.42154677632237,4.5188618183576725,0.341,0.0973150420353023,3.0520524871418804,0.1139035716644763,0.4345977708562079,2.260376822652458,0.779688439106289,[2 2 1 3]
35,11496,0.75,0.385,1.4495951348974276,1.4837941509648105,0.365,0.0341990160673828,2.955864253135921,0.107681342276221,0.3003216475257598,1.88806159416197,0.2599452453517428,[1 0 0 7]
36,11507,0.875,0.519,0.8112514744233621,0.9368844993624428,0.356,0.1256330249390808,2.884689913798118,0.2097011364201673,0.2173791772244027,1.885184726656588,0.1220836712085454,[0 1 0 7]
42,11573,0.75,0.525,3.047146170552196,3.0700846851226267,0.2249999999999999,0.0229385145704306,2.979638177648973,0.1385318467915326,0.5181245978063671,2.414530165978709,0.4347786448624246,[1 1 3 3]
43,11584,0.875,0.637,2.01407817801819,2.043185112607116,0.238,0.0291069345889258,2.940263281546566,0.1471597236716244,0.323094924700794,2.016288945159063,0.3978915243781423,[1 1 1 5]
46,11617,0.75,0.477,3.884618265297418,3.8937281864010815,0.273,0.0091099211036644,2.940602563506816,0.1250145894774882,0.2175619611618822,1.7211358375680348,1.1287451339429069,[2 0 3 3]
52,11683,0.875,0.389,2.2389195317262507,2.316098086117379,0.486,0.0771785543911285,2.9438628237276743,0.1925126043546799,0.2202709392148236,1.8913798443727965,0.4947177069799955,[0 2 0 6]
54,11705,0.75,0.594,2.0862538687296275,2.13931556233668,0.156,0.0530616936070527,2.9403067909770213,0.2678843503156617,0.2432712458027323,2.102176645317126,0.3699154941978244,[1 1 0 6]
57,11738,0.75,0.344,2.025164177897007,2.108890385004196,0.406,0.0837262071071882,2.9320114174931984,0.1421901440074547,0.2482524731885926,1.8320792872159444,0.465337236137974,[0 1 0 7]
59,11760,0.875,0.61,0.9070311940720084,0.9563328474447526,0.265,0.0493016533727441,2.9402740922614283,0.1372785729975745,0.2314168683877057,1.7853431483813975,0.1337869562094117,[1 1 0 6]
62,11793,0.75,0.346,2.451646594027698,2.5255506313552,0.404,0.0739040373275021,2.937331846890462,0.1448311278225993,0.3133460482224353,1.988244270185609,0.5036169626048332,[0 2 4 2]
65,11826,0.75,0.525,1.2959166663553103,1.3200846978853766,0.2249999999999999,0.0241680315300663,2.9580616529503114,0.1414450290726,0.3075439462755305,1.982097711599747,0.199010142504686,[0 1 1 6]
66,11837,0.75,0.419,2.3302368340950004,2.370862169424093,0.331,0.0406253353290924,2.8848176052122847,0.151629939450089,0.1546661027430683,1.5965739990766976,0.7208598776084424,[0 2 2 4]
67,11848,0.75,0.663,3.4489266917626424,3.4575889822063712,0.0869999999999999,0.0086622904437287,2.977121739713305,0.1396057658379874,0.2531166990297786,1.865689925986572,0.8474852113273926,[0 1 2 5]
68,11859,0.75,0.436,2.209862786521636,2.2708037321712,0.314,0.0609409456495644,2.967091206444929,0.1387478147669271,0.2969756150086022,1.9585576216037288,0.4502916867612509,[0 0 2 6]
71,11892,0.75,0.396,1.9553596112724343,1.997845309525759,0.354,0.0424856982533241,2.92406216003654,0.1233040639422457,0.1555072393100102,1.5439804213062338,0.6074836155024935,[1 1 1 5]
72,11903,0.75,0.387,0.4751866802290709,0.6589947110350526,0.363,0.1838080308059816,2.9709247011050444,0.3824404714085287,0.3052160150776163,2.463640963557074,0.022303331781035,[1 3 1 3]
75,11936,0.75,0.432,0.8276326967630054,0.8752678820743616,0.318,0.0476351853113561,2.9212266757565937,0.1438593710975615,0.1477533095476742,1.5774967036459866,0.1297102734902206,[0 2 1 5]
76,11947,0.75,0.264,0.6875334351814397,0.8298106256732489,0.486,0.1422771904918092,3.0090544947845697,0.2315015789803427,0.5090631658590824,2.5894740886213943,0.043571460370041,[0 3 0 5]
78,11969,0.75,0.542,1.6545137022979783,1.7060713608181848,0.2079999999999999,0.0515576585202064,2.89486067804722,0.1633590262784955,0.2717510745452437,1.909533359004282,0.3270395202328072,[0 3 0 5]
83,12024,0.75,0.523,0.8671113993084595,0.879901656031401,0.2269999999999999,0.0127902567229415,2.880575993697146,0.1123562493406155,0.1512696932073733,1.479017830646149,0.1516830646112444,[1 1 1 5]
84,12035,0.875,0.364,2.8661309917911617,2.888349422155964,0.511,0.0222184303648016,2.9655461848455875,0.1499299906429217,0.3241083757998209,2.041791720767952,0.5619839119235279,[0 2 3 3]
85,12046,0.75,0.368,2.516742909301425,2.616658099879202,0.382,0.0999151905777768,2.9289016683577858,0.1788322897352436,0.2742460500852602,1.971475760100729,0.5290302517903693,[0 3 0 5]
87,12068,0.75,0.421,1.2848165410436914,1.3228728958934368,0.329,0.0380563548497454,2.994708196585478,0.1112683793935601,0.2569349026907651,1.8171816346504064,0.2358930776155256,[0 4 3 1]
88,12079,0.75,0.491,1.895528319184938,1.922541968120551,0.259,0.0270136489356125,2.9422603999244767,0.1516031393793076,0.2070536046369971,1.7620596545645608,0.4741100955083057,[1 2 0 5]
89,12090,0.875,0.493,0.3552100839547999,0.4699447358950735,0.382,0.1147346519402736,2.942640154956866,0.995987058446942,0.306955771953237,3.35892136856758,0.0006790051297768,[0 3 1 4]
92,12123,0.75,0.587,0.3432047735176493,0.406575795793869,0.163,0.0633710222762197,2.9918466823982754,0.9292265053834676,0.5854970803092918,3.682188592407047,0.0007101266386833,[1 1 1 5]
93,12134,0.75,0.314,3.054766608699824,3.138052887939944,0.436,0.0832862792401196,2.9255539628060747,0.1825545621780544,0.2608240481609145,1.948029288385832,0.6872276410953039,[1 1 4 2]
96,12167,0.75,0.507,2.856470257177038,2.8872461197475445,0.243,0.0307758625705063,2.9376895306902524,0.1371666467054804,0.1895699097488165,1.6792090235089172,0.8320915958169522,[1 0 3 4]
98,12189,0.75,0.392,0.5964163123356233,0.7359627966665676,0.358,0.1395464843309443,2.9638036558949867,0.2372418372370816,0.3989256638123952,2.363933030724485,0.03833335764194,[0 2 0 6]
99,12200,0.75,0.469,1.0663799905048008,1.153665651350395,0.281,0.0872856608455938,2.9616273261417376,0.1926491881874537,0.3302569549393675,2.141619342060201,0.1386330926354296,[0 1 1 6]
100,12211,0.75,0.353,1.182399706846285,1.2250335241377073,0.397,0.0426338172914222,2.8740547320722385,0.1461051157653496,0.1723952922848866,1.6219969413076252,0.2559826614844942,[1 2 2 3]
101,12222,0.875,0.36,0.7578647363093554,0.8256665909227338,0.515,0.0678018546133784,2.941152054606243,0.1482303286561641,0.1980914964609643,1.7308419336715326,0.0997582381844655,[0 1 1 6]
103,12244,0.75,0.397,2.5615468967573216,2.6268883737735984,0.353,0.0653414770162768,2.967335018588093,0.1224318369892353,0.3370894348632585,2.0114970130510503,0.5141872091703206,[0 2 1 5]
104,12255,1.0,0.33,3.105099037326064,3.1920596084608364,0.6699999999999999,0.0869605711347727,2.9733041299126253,0.1308673413744633,0.34592326598578,2.053067271104008,0.6244464904771316,[0 0 0 8]
106,12277,0.75,0.476,1.2501659969510144,1.2836710135715477,0.274,0.0335050166205332,2.9928318614278915,0.1876203965812388,0.3070736924546196,2.104993112842062,0.166299077711418,[1 0 1 6]
107,12288,0.75,0.475,0.955967161899378,0.9665035449034554,0.275,0.0105363830040772,2.951307605897219,0.1253708797323116,0.1723379458091609,1.610313121607439,0.1720601092942945,[1 2 1 4]
110,12321,0.75,0.541,1.3408342688136454,1.3742057558843217,0.2089999999999999,0.0333714870706762,2.963127009728665,0.1291097154800458,0.243860232831089,1.8096191664497985,0.2570047367183253,[1 0 3 4]
112,12343,0.75,0.412,1.892194548030527,1.9186338574076789,0.338,0.0264393093771522,2.961329688464464,0.1367479828819486,0.2998828465379372,1.956788823114095,0.3618924315323731,[0 1 0 7]
117,12398,0.875,0.626,1.357252693244499,1.3739575907846628,0.249,0.0167048975401638,2.949681401231637,0.1224053174337743,0.180544281189843,1.6235299345857153,0.3129307486614895,[0 0 1 7]
120,12431,0.875,0.45,0.7910655274287048,0.83749489324128,0.425,0.0464293658125751,2.9237507837025225,0.1471681113850864,0.2477286712735808,1.8373087737587868,0.0918731068034295,[1 2 0 5]
121,12442,0.75,0.437,0.6216360776181321,0.6842951485642801,0.313,0.0626590709461479,2.941612597520746,0.1757008920571527,0.2246401717998388,1.8612321520946415,0.0480188792844082,[0 1 1 6]
122,12453,0.75,0.227,2.879702181475885,2.955026857543511,0.523,0.075324676067626,2.9421659739364703,0.1432311161136037,0.2878059617732481,1.9316324094551955,0.6441864428890534,[0 2 3 3]
123,12464,0.75,0.316,2.474865741317445,2.6528431646415096,0.434,0.1779774233240645,2.9403282691828228,0.1353876065492366,0.231870008312593,1.7818913682981563,0.6969042915815968,[0 0 1 7]
127,12508,0.75,0.278,0.560861328101526,0.663348461204631,0.472,0.1024871331031049,2.930908137886363,0.2187169910375889,0.2653225783161795,2.039119321107559,0.0257147001396652,[0 1 2 5]
128,12519,0.75,0.196,3.0199663728123545,3.085510749003776,0.554,0.0655443761914216,2.9815124531037647,0.2373440914649161,0.5326052183580684,2.616180441994306,0.3707795306264102,[0 1 2 5]
129,12530,1.0,0.432,2.740371784532696,2.818727532687064,0.5680000000000001,0.0783557481543684,2.964153736694821,0.1423280042908865,0.3809778958399313,2.1442654124398386,0.4967206551669096,[0 0 1 7]
131,12552,0.75,0.432,1.945710752417558,2.011868651118171,0.318,0.066157898700613,2.950948538195397,0.1499789954174711,0.2124514747084744,1.7765358958683672,0.4664195161359986,[1 1 2 4]
133,12574,0.75,0.452,1.7357144503912294,1.7849123397251554,0.298,0.0491978893339259,3.073116085943295,0.1878660139660747,0.2470858422196985,2.026747099557737,0.3087397217910418,[1 0 1 6]
134,12585,0.875,0.484,1.089493621998634,1.299214276529672,0.391,0.2097206545310381,2.984632740288876,0.2054411036082989,0.545126974593764,2.585746488916375,0.1152376557252264,[0 2 2 4]
138,12629,0.75,0.393,2.2864425239149297,2.3094539801015346,0.357,0.0230114561866048,2.942259655008379,0.1193199141981514,0.2297019294388032,1.7382302388485094,0.5829345616390041,[2 3 0 3]
139,12640,0.875,0.605,1.221370668911545,1.2639031422206195,0.27,0.0425324733090746,2.943922363017712,0.1216460267975287,0.1920044439394401,1.6487291803912874,0.2859276584693767,[0 0 1 7]
143,12684,0.875,0.442,0.713347198013139,0.7683136619845662,0.433,0.0549664639714272,2.853949702257069,0.1179029818124406,0.1161484298701173,1.3807083373926148,0.1209413916543127,[0 1 0 7]
147,12728,0.75,0.346,3.5903858693047424,3.642060177214771,0.404,0.0516743079100288,2.945322075063214,0.1916363428031147,0.2804122434478188,2.023606860372499,0.7567614836321488,[0 3 3 2]
149,12750,0.75,0.262,1.010519376701778,1.0965230664851435,0.488,0.0860036897833655,2.850924324073796,0.122702430048599,0.2178220231818991,1.6636418681658531,0.1963469994781132,[0 1 1 6]
152,12783,0.75,0.33,0.6921710187927375,0.8265618822195269,0.42,0.1343908634267894,2.920146023408446,0.1834459747988967,0.2329444722390133,1.8843212583251872,0.0723579749250377,[2 2 0 4]
153,12794,0.75,0.492,1.1868974642230643,1.232450391778369,0.258,0.0455529275553043,2.9704140840833846,0.1402575267786356,0.6043359624533182,2.5631652859803014,0.1092642189983864,[0 3 2 3]
155,12816,0.75,0.518,2.540161903266316,2.610724909759279,0.2319999999999999,0.0705630064929629,2.950860394362156,0.1470190697634235,0.2958217984537499,1.9636881087446012,0.5345848462279807,[0 0 4 4]
157,12838,0.75,0.371,1.1779522999962089,1.2182802668717665,0.379,0.0403279668755576,2.9916350151743067,0.1119463489445001,0.2734651192071287,1.8572523832946817,0.1902090190182405,[0 2 1 5]
159,12860,0.75,0.363,2.0852156741242687,2.149565333603155,0.387,0.0643496594788861,2.8806406452952382,0.1610636175742769,0.1598907418256449,1.6319645613311542,0.6019013910176907,[1 1 0 6]
160,12871,0.75,0.422,2.191299400887887,2.2698811556219702,0.328,0.078581754734083,2.971620013264978,0.1341186210232932,0.3629504673874685,2.0950850250245154,0.3954123134669578,[1 1 0 6]
163,12904,0.875,0.294,4.099013079485293,4.121084658153288,0.581,0.0220715786679948,2.9967951461457893,0.1679139366264541,0.3748337038282227,2.20778118877228,0.7292613800926677,[0 1 4 3]
168,12959,0.75,0.621,0.5790049972177845,0.6487680460719368,0.129,0.0697630488541523,2.958707269008742,0.2265738677673242,0.2790891001446263,2.1039362353584803,0.0361444993097813,[2 2 0 4]
169,12970,0.75,0.444,4.1769737976032015,4.272396354053308,0.306,0.0954225564501065,2.9861595119628976,0.1200191020690288,0.5208376378736461,2.3905260511389965,0.6534595269699033,[0 1 2 5]
171,12992,0.875,0.431,1.2595717233528445,1.4270675538850122,0.444,0.1674958305321676,2.968487976039005,0.1276152185251869,0.4891892559150977,2.331358448900535,0.1647646945361552,[0 2 2 4]
174,13025,0.875,0.479,1.5958063988256908,1.618245749788349,0.396,0.0224393509626579,2.9475586797589166,0.1213179821802706,0.2066986699110497,1.6881475607999448,0.3759354648986725,[0 2 0 6]
176,13047,0.875,0.319,1.022851598921474,1.129058733622109,0.556,0.106207134700635,2.940474020312948,0.1732871545529908,0.2599631570878124,1.935471535157206,0.1528345819920436,[0 3 2 3]
177,13058,0.75,0.411,0.5553353945555528,0.6889902629945603,0.339,0.1336548684390075,2.9451629325266904,0.196991629656855,0.3886755489399146,2.2539006512999986,0.0336683844436212,[0 2 0 6]
178,13069,0.75,0.442,0.3827424776196289,0.4937099117369647,0.308,0.1109674341173359,2.971907596224159,0.8796798567098979,0.3829095224502312,3.3393840454265984,0.0040048066691104,[0 1 2 5]
181,13102,0.75,0.568,0.8365409549950154,0.8871879074283612,0.182,0.0506469524333458,2.9512573027387985,0.1482898057230097,0.35565368750958,2.0950673838203,0.0820561069390484,[1 0 1 6]
188,13179,0.75,0.475,3.1470519268508226,3.1783257726642025,0.275,0.0312738458133798,2.979006236083292,0.1811256883293429,0.4735601835338575,2.410393218541402,0.4551792578560902,[2 0 2 4]
189,13190,0.75,0.381,2.103329800102696,2.1505715824643388,0.369,0.0472417823616426,2.879252441266932,0.1130585624771027,0.1398552093340142,1.4479914016154318,0.7537789811429726,[2 0 1 5]
190,13201,0.875,0.584,3.109109202519778,3.157102808391748,0.291,0.0479936058719698,2.995459258997569,0.1338840309870387,0.9323884543648132,3.093125336897846,0.2811632929150362,[0 1 1 6]
193,13234,0.75,0.242,3.170141386077619,3.2633797324123024,0.508,0.0932383463346835,2.9414673161109484,0.1543958628560636,0.3361447773015097,2.0601627190909637,0.6382599475333951,[1 3 1 3]
194,13245,0.75,0.541,1.0831644974021153,1.1460445319129762,0.2089999999999999,0.0628800345108608,2.942837980721251,0.1592384103008625,0.2369897554323938,1.8524181367695796,0.1798508351805798,[0 2 0 6]
196,13267,0.875,0.277,2.806233731730203,2.909658699807024,0.598,0.1034249680768208,2.974610073754114,0.1244951328999537,0.3759233728015201,2.104247041477935,0.5301356700945838,[3 1 0 4]
201,13322,0.75,0.502,1.04211803186608,1.087208383018727,0.248,0.045090351152647,2.963147913800302,0.1687786687788352,0.2840975527022743,1.9940823534806604,0.1419214316042749,[0 1 2 5]
203,13344,0.875,0.509,3.161704471241052,3.203676621900221,0.366,0.0419721506591694,2.942120628797976,0.1249967594277188,0.1943678661629608,1.6626616512187329,0.9658069441101612,[1 1 0 6]
204,13355,0.75,0.407,5.07319404340557,5.108181502025821,0.343,0.0349874586202512,2.933496668418834,0.2040678340890342,0.3153790325644602,2.1142491505707657,1.02466724279637,[0 0 3 5]
206,13377,0.875,0.273,1.5513299156857148,1.6199427748183155,0.602,0.0686128591326009,2.940945705620328,0.1433898802336231,0.2474571344414915,1.8386133382981853,0.3150323494922549,[1 5 1 1]
211,13432,0.75,0.486,2.7307445301005897,2.850413181993916,0.264,0.1196686518933263,2.972830697815894,0.1354132753421285,0.3874405011701641,2.149613107185307,0.5162450045797431,[0 2 5 1]
212,13443,0.875,0.392,4.117493383634312,4.278599785042459,0.483,0.1611064014081469,2.946518950554383,0.1127974714168759,0.1946204550031218,1.6337057328527866,1.3849808655781854,[3 1 0 4]
218,13509,0.75,0.291,2.673023715389984,2.712266386718745,0.459,0.0392426713287616,2.973218307820504,0.1313753357080601,0.4706683977973956,2.306964005605852,0.4052613110945612,[1 0 2 5]
219,13520,0.875,0.688,6.9947419528505375,7.050317102095141,0.187,0.0555751492446034,3.007291847382721,0.1416642353895396,0.9886540514691272,3.197245272508023,0.6450754819997536,[0 1 1 6]
221,13542,0.75,0.301,1.4483304916789457,1.50599877410211,0.449,0.0576682824231642,2.8861534893178256,0.1336656398484487,0.1603675497888573,1.5650117453706902,0.3907735133939906,[0 0 4 4]
224,13575,0.75,0.373,2.568332906473416,2.690653571336416,0.377,0.1223206648630004,3.0394213795365648,0.1664980486874895,0.4313898932591246,2.350178296909309,0.3913302922781544,[0 2 0 6]
4,22266,0.75,0.316,1.5894842617438654,1.613525275645223,0.434,0.0240410139013576,2.860874560426732,0.1131450724742981,0.1192895877074254,1.3792699065996703,0.5545510445107574,[0 1 2 5]
5,22277,0.875,0.472,5.03547253578317,5.089026834649948,0.403,0.0535542988667776,2.9745752010320947,0.1667421570970328,0.3954694578182325,2.230359445375559,0.9139753812119698,[0 1 1 6]
12,22354,0.75,0.35,1.945175577782262,2.035828380215296,0.4,0.0906528024330342,2.971626504776549,0.1310742453975988,0.3827247466423467,2.1300551461046915,0.3268975702598855,[1 1 0 6]
13,22365,0.75,0.499,1.2357698875821224,1.318282186508318,0.251,0.0825122989261957,3.0163987092092146,0.1361568201121275,0.3836697733979474,2.1747933334045504,0.1806674938605414,[0 0 2 6]
19,22431,0.75,0.532,3.422521777912236,3.4541143682249484,0.2179999999999999,0.0315925903127127,2.9243078044818698,0.1463013251790735,0.1911473687781885,1.698740179707054,1.0122676519054443,[0 0 2 6]
20,22442,0.75,0.311,1.1099864090917488,1.29604324756252,0.439,0.1860568384707712,2.9236946166061006,0.1706575551365722,0.2304994753124796,1.8517792442462249,0.2231817717672904,[0 3 1 4]
21,22453,0.875,0.651,2.233878020187588,2.261473239040657,0.2239999999999999,0.0275952188530692,2.848519081142739,0.1562249324189758,0.2312106385450359,1.7730414093255016,0.5547873054636706,[2 1 0 5]
24,22486,0.75,0.424,0.8794338496774934,0.9215431727097958,0.326,0.0421093230323024,2.9666745347250814,0.1325097242697912,0.1675083948008378,1.624963632607077,0.1734174786637616,[0 2 1 5]
26,22508,0.75,0.452,4.283213181075444,4.338180089094982,0.298,0.0549669080195389,2.96666363452083,0.1192284838196734,0.326240583118705,1.9800542266254169,0.9797578631283078,[2 0 3 3]
31,22563,0.75,0.374,2.858216388041345,2.985991785972187,0.376,0.1277753979308422,2.9298870560633894,0.1362122561453123,0.207603676775686,1.717963285940418,0.8198979449676638,[0 1 2 5]
32,22574,0.875,0.584,2.679512474786732,2.718080312010798,0.291,0.0385678372240665,2.9759243343662742,0.1611342773813554,0.5192273353854965,2.454662487172432,0.3713355906647784,[0 2 1 5]
35,22607,0.75,0.328,4.6315499213347975,4.696082129839231,0.422,0.064532208504433,2.9799926492357365,0.115566360211197,0.5645146792356391,2.457511315948034,0.6854859969337449,[1 2 4 1]
37,22629,0.75,0.407,3.767003573275176,3.854813050142925,0.343,0.0878094768677497,2.983228459678081,0.1644780438923799,0.5151349906270746,2.4593331475953493,0.5604192094840954,[0 1 3 4]
38,22640,1.0,0.364,2.005125626884773,2.0657372802310427,0.636,0.0606116533462697,2.964314581376539,0.1187504418994477,0.3014123302325455,1.9214676418331376,0.4109712668975654,[0 5 2 1]
46,22728,0.75,0.272,4.110461643703214,4.199908819972644,0.478,0.08944717626943,3.019644510343864,0.1499894784410737,0.3813345384911327,2.2010785526221706,0.755309206925313,[0 1 2 5]
50,22772,0.75,0.44,1.4290805668917217,1.4677329704819213,0.31,0.0386524035901998,3.037216522652922,0.1074499650950512,0.1540820410350077,1.553238605679882,0.3806094684395775,[0 0 0 8]
55,22827,0.75,0.455,5.992686089273509,6.060394302346687,0.295,0.0677082130731774,2.9761676488699687,0.1335230319040249,0.6401280922890908,2.617760872460104,0.8079136367363652,[1 2 1 4]
56,22838,0.75,0.399,3.627552841225661,3.7246850242774143,0.351,0.097132183051753,2.963971843309901,0.1250241958489229,0.3877305357161641,2.12240818582293,0.7075496757500371,[1 0 1 6]
59,22871,0.75,0.331,1.162738786447117,1.237840403902419,0.419,0.0751016174553018,2.970364147458111,0.1937678086966456,0.31854599083111,2.126070792643078,0.1533956698092625,[0 3 1 4]
62,22904,0.75,0.407,1.288906770385016,1.3788754464653723,0.343,0.0899686760803566,2.940274777722519,0.113543236850874,0.2047921958925256,1.6589389689886358,0.3163111485087838,[0 2 1 5]
68,22970,0.75,0.409,1.8089738762569452,1.856512788759532,0.341,0.0475389125025864,2.944039751037992,0.1302578084766513,0.2019133334930813,1.696776416995894,0.4640231478176378,[0 2 5 1]
69,22981,0.75,0.409,0.8212178782665638,0.8605311438438314,0.341,0.0393132655772676,2.881915060276682,0.1816074713422477,0.1427730945122713,1.6413779318278952,0.1197917585284436,[0 1 2 5]
70,22992,0.875,0.435,0.7910456410438366,0.8526747931060664,0.44,0.0616291520622298,2.940599182786964,0.1566859718557061,0.1977851024600902,1.750758457314864,0.1005674626365895,[0 2 0 6]
71,23003,0.75,0.307,3.216938214825982,3.289202226149125,0.443,0.0722640113231425,2.9438978520791808,0.1416586911888575,0.2135125367256163,1.7544525421547164,0.8886117394627977,[0 0 4 4]
72,23014,0.75,0.422,1.103077212569886,1.198686544160661,0.328,0.0956093315907746,2.95883948590917,0.1335499298545942,0.2476184490017234,1.8267530380422312,0.2232784474070378,[0 0 3 5]
73,23025,0.875,0.467,1.5445373571890284,1.5680554333977774,0.408,0.023518076208749,2.8684885719796656,0.139661110675359,0.1690469347111867,1.5937753222206692,0.3962558606888018,[1 2 1 4]
75,23047,0.75,0.457,2.025639063211484,2.089248353856816,0.293,0.0636092906453322,2.995305368782124,0.1453665057457779,0.4303381555813411,2.272694065150597,0.2968634172230144,[1 1 1 5]
83,23135,0.75,0.427,2.162354399706632,2.231442689067222,0.323,0.0690882893605899,2.8664790754033,0.2185510603166653,0.1329821638540754,1.6995422465941004,0.5819117318853994,[0 0 3 5]
89,23201,0.875,0.401,2.728783738862236,2.880947980820962,0.474,0.1521642419587268,2.9403105617407395,0.1672575668542939,0.2408038664800266,1.8782611657454849,0.6626736615747342,[0 2 0 6]
92,23234,0.75,0.41,1.9167699352614544,2.037224065610848,0.34,0.1204541303493935,2.924186466493829,0.1854604468507162,0.1806934688333356,1.769444333147377,0.474972184252493,[1 2 1 4]
94,23256,0.75,0.377,0.7391548495476452,0.7965619020201501,0.373,0.0574070524725048,2.9364177121029846,0.2002396149067599,0.4131547610875562,2.299787609984488,0.0474468276981564,[0 2 2 4]
96,23278,0.75,0.312,1.2299088585169486,1.3697457593838935,0.438,0.1398369008669449,2.990699251213892,0.1406599568639162,0.4572996748992625,2.312643417781901,0.150637664834005,[0 1 4 3]
99,23311,0.875,0.502,2.3693884330978907,2.4877765722520717,0.373,0.1183881391541805,2.9790908342696607,0.1304490400159472,0.3118171917576735,1.9811877584253053,0.4937786685204061,[0 2 4 2]
100,23322,0.75,0.297,0.7473074137925191,0.9688760011051064,0.453,0.2215685873125872,2.922643344776609,0.127063771830873,0.2128721190372035,1.7040186004997635,0.14416902655641,[0 1 0 7]
103,23355,0.75,0.499,8.192199883753828,8.225805535454498,0.251,0.0336056517006699,3.0305525906549797,0.1162784195499733,0.4793033788711965,2.338797028256689,1.409525166614803,[1 1 2 4]
104,23366,0.75,0.491,2.68988306111656,2.742180018877592,0.259,0.0522969577610323,2.87742874748737,0.1182204570258873,0.1878742334438928,1.5919611914537022,0.8733152068248125,[0 2 3 3]
105,23377,0.875,0.513,4.319647560509696,4.369811481546178,0.362,0.0501639210364821,2.983760536236488,0.1712321425729134,0.2837171669545736,2.0125444015238165,0.9518060983020884,[1 1 0 6]
110,23432,0.875,0.453,0.8175578675694942,0.9864411532627674,0.422,0.1688832856932731,3.0078322616413304,0.1596345285890044,0.4931479481208647,2.430176724808784,0.0809693066521548,[1 3 0 4]
111,23443,0.875,0.47,0.6579196486854575,0.7424411675731873,0.405,0.0845215188877298,2.96218001905364,0.1995180373937466,0.2817885876498208,2.0550498822300347,0.0548631707915756,[0 0 1 7]
114,23476,0.75,0.4,1.67365370456641,1.8420886987027336,0.35,0.1684349941363236,2.9696676782512057,0.1748721359818234,0.3492102744545317,2.149847449945373,0.2824398653433649,[0 3 0 5]
115,23487,0.75,0.326,2.0111756397725555,2.0490126711984398,0.424,0.0378370314258837,2.9113116183369128,0.1208402510687558,0.2150163132095282,1.687196298807552,0.5301600961391238,[0 2 3 3]
116,23498,0.875,0.508,2.990322766460084,3.0482118068691517,0.367,0.0578890404090675,2.9419664281025044,0.1133227882929889,0.2060294351641956,1.6625422264401923,0.9039249075298094,[0 2 4 2]
118,23520,0.875,0.379,2.6148001116915376,2.7205439101901083,0.496,0.1057437984985707,2.9931798813387096,0.1479269556668617,0.6760654439825591,2.717029916727619,0.295534461217151,[1 0 1 6]
120,23542,0.75,0.266,1.8740797989854632,1.9202370901893189,0.484,0.0461572912038557,2.967095708255618,0.1275153725476519,0.4476389543325248,2.250213630420592,0.2696510919436893,[0 4 0 4]
121,23553,0.75,0.433,0.9105421237295636,0.946182887778778,0.317,0.0356407640492142,2.872801808324565,0.1247416823256822,0.1135320737626035,1.402309160292861,0.2008692945270486,[0 2 1 5]
124,23586,0.75,0.44,4.024712878291595,4.120500416623062,0.31,0.095787538331467,2.9520464255307903,0.1179616134193574,0.2900264632958532,1.885588491104852,1.0025979952821154,[0 1 4 3]
127,23619,0.75,0.4,4.173374090736419,4.233172029207109,0.35,0.0597979384706901,2.948955702826217,0.1517193708546258,0.1761173356252933,1.688484343393312,1.292794134750368,[1 0 3 4]
129,23641,0.75,0.375,2.50716054701388,2.562868275565417,0.375,0.0557077285515377,2.980098588237096,0.125647280269729,0.2583796467050275,1.8467642986705397,0.589515888295759,[0 2 4 2]
131,23663,0.75,0.363,1.3238037310573656,1.4036715079851598,0.387,0.0798677769277942,2.9900263775146265,0.1575199019842106,0.4568331161430027,2.343602851235415,0.1547132518288661,[0 1 1 6]
133,23685,0.75,0.415,1.2417384571538,1.2913601246597413,0.335,0.0496216675059413,3.0005565845407327,0.1608716897771411,0.2308200210297737,1.877906700533546,0.2158289287611477,[0 1 3 4]
137,23729,0.75,0.516,3.112998648945408,3.126854141038716,0.2339999999999999,0.0138554920933073,2.924684065686502,0.1451188349289831,0.1533844854602534,1.5979145164140465,1.0091846863670682,[2 2 0 4]
139,23751,0.75,0.401,2.966095737080326,2.9823230219111574,0.349,0.0162272848308315,2.94494534554864,0.1255431493218819,0.2079694180990456,1.7007220447350786,0.8387341777360776,[0 1 4 3]
141,23773,1.0,0.456,2.17479005010787,2.290989971571755,0.544,0.1161999214638851,2.9250215025432458,0.1542712371679109,0.2403320926297575,1.83742421633855,0.5229108929510465,[0 0 0 8]
142,23784,0.75,0.517,2.70021679727017,2.7348971957344026,0.2329999999999999,0.0346803984642325,2.8256610920456184,0.151885010603401,0.1349985089308608,1.5134667066690597,0.9603655127914712,[2 0 1 5]
143,23795,0.75,0.462,1.175552243056538,1.3786526550755984,0.288,0.2031004120190604,2.858705029635236,0.2124054409113751,0.1757013972520259,1.7809223867066168,0.2688968066611185,[0 3 0 5]
145,23817,0.75,0.406,1.6262706325942429,1.7500039200417563,0.344,0.1237332874475134,2.9886116067943744,0.1551226972378051,0.4704570914218232,2.363800571353583,0.2156903610002437,[1 2 1 4]
148,23850,0.875,0.319,0.8016504388972674,0.9007383544345052,0.556,0.0990879155372377,2.9412709841046367,0.1867624837271514,0.4316191230411864,2.312934426214997,0.068611887106822,[1 1 1 5]
151,23883,0.75,0.331,1.090184417572668,1.20035440027049,0.419,0.1101699826978219,2.989811471647144,0.1202634289873048,0.2085493536702754,1.7144236543342424,0.2237010579536201,[0 2 2 4]
152,23894,1.0,0.496,3.6417411456741866,3.8623936299525887,0.504,0.2206524842784021,2.995430429498814,0.1635822112952263,0.671719162978252,2.737668350850989,0.4477755571156293,[0 1 3 4]
153,23905,0.75,0.462,1.2877369197116622,1.3283489771969086,0.288,0.0406120574852464,2.982554953027536,0.1417689576462939,0.3320142295827203,2.052949549210453,0.1846053576439144,[1 2 2 3]
156,23938,0.75,0.532,0.7382645657168682,0.7921089533627346,0.2179999999999999,0.0538443876458664,2.954041346065501,0.1741221397709915,0.2195935905686783,1.853565566304338,0.0748189621366145,[0 3 0 5]
158,23960,0.75,0.419,1.1069101639222492,1.3070533632660934,0.331,0.2001431993438442,2.9851055917467715,0.1601353563469411,0.4712477362901337,2.371953506422154,0.134636016069269,[2 0 1 5]
159,23971,0.75,0.317,0.6049766660482556,0.7115408430203045,0.433,0.1065641769720489,2.935065800841132,0.1586878675526126,0.2984538867247877,1.9844642858088133,0.0393736081749008,[0 4 1 3]
164,24026,0.875,0.265,0.546221673687292,0.7938715396621242,0.61,0.2476498659748321,2.9412617193596784,0.3005119602551607,0.3326228049372523,2.3403550658101677,0.0358988041262623,[0 5 2 1]
165,24037,0.75,0.396,2.7283872006399945,2.7722247979499564,0.354,0.0438375973099618,2.9557292595211706,0.1592237623413123,0.2908067480238044,1.982830679558857,0.5652039688681771,[0 0 1 7]
166,24048,0.75,0.432,1.1513187106875633,1.1965346427478625,0.318,0.0452159320602989,2.995085172608541,0.1583659000588158,0.512099951185519,2.45243501709453,0.11069375906197,[1 2 1 4]
167,24059,0.75,0.331,2.6600932065339884,2.701293377875375,0.419,0.0412001713413867,2.9406301548388383,0.1913593621935042,0.3442307813778747,2.1520714917053674,0.4649093011178797,[0 1 2 5]
169,24081,0.75,0.313,1.2935673593726316,1.3778266537055202,0.437,0.0842592943328885,2.9872900924190144,0.1574866170825417,0.4622220501369293,2.3516418678177398,0.1506413589141035,[1 1 2 4]
170,24092,0.75,0.315,2.799436023212797,2.8816661097994336,0.435,0.0822300865866361,2.952859959877687,0.1402473873373897,0.3798948500095515,2.1296288014421423,0.5163788676343719,[1 1 1 5]
171,24103,0.75,0.298,0.5147392435215685,0.7010345404639566,0.452,0.1862952969423881,2.9588857063619,0.2143870610327351,0.3487377785002487,2.220396490182222,0.0257491704911591,[0 2 1 5]
175,24147,0.875,0.493,3.115137023002079,3.148537355458662,0.382,0.033400332456583,2.9860770305592874,0.2026385799043847,0.2485137802872549,2.005684525056101,0.6567695303899297,[0 0 2 6]
176,24158,0.875,0.415,5.024931119814993,5.113460061601325,0.46,0.0885289417863317,2.927927133621784,0.1519137292629902,0.2618484213356885,1.8833699840778024,1.2903504177183005,[1 0 0 7]
178,24180,0.875,0.376,1.0757999185557878,1.145802933379879,0.499,0.0700030148240911,2.9097294920157584,0.1315940038904998,0.2011304903843976,1.6783981909417418,0.2174124083521597,[0 2 0 6]
180,24202,0.875,0.517,0.8336066646493971,0.8922154038562519,0.358,0.0586087392068547,2.9633306891959723,0.1328406565370347,0.3243409684398015,2.003662186631919,0.0930991614001294,[1 0 4 3]
181,24213,0.75,0.326,2.924373857480594,3.0252323489081987,0.424,0.100858491427604,3.074565553034891,0.1145908374680765,0.3924580900594567,2.1893172115909887,0.5113756131552422,[0 0 1 7]
183,24235,0.75,0.353,2.3740608497616265,2.426003322858858,0.397,0.0519424730972315,2.943381685064253,0.1332960964786434,0.2495764739372089,1.8212673840711129,0.5686167819335568,[0 1 1 6]
186,24268,0.75,0.419,2.470252048915806,2.5535011908969008,0.331,0.0832491419810947,2.98351651751036,0.118968328681326,0.4955877699148843,2.338886854319768,0.3705689702658981,[1 0 1 6]
187,24279,0.875,0.436,0.5081024549131093,0.6283009094797019,0.439,0.1201984545665925,2.9403285880358627,0.2663855593068078,0.3602747756129173,2.3276194077928007,0.0180298183051384,[2 0 1 5]
189,24301,0.875,0.446,3.0061514711034354,3.05999801777798,0.429,0.0538465466745448,2.9678741487989706,0.1674192731126418,0.3954059841766553,2.2265490670626,0.5096805961854842,[0 2 2 4]
190,24312,0.75,0.395,3.855793234249876,3.909074521133877,0.355,0.0532812868840011,2.964133397724268,0.1581643164843167,0.2422806232411309,1.8757249262218847,0.9640433807454396,[0 4 2 2]
194,24356,0.75,0.516,2.288157966324337,2.356820273342547,0.2339999999999999,0.0686623070182101,2.8873509740249483,0.1833277067194766,0.1598390750813147,1.691422872253251,0.6448743176016406,[0 1 1 6]
197,24389,0.875,0.497,2.007578178998056,2.065649347984176,0.378,0.0580711689861197,2.9641308044548285,0.1710889364781337,0.3780458898366392,2.196528580843119,0.312139955941403,[0 1 2 5]
198,24400,0.75,0.313,1.4482877663850924,1.5901712248267772,0.437,0.1418834584416848,2.895087739805124,0.1312074397950651,0.1968561804848113,1.6582147226521486,0.3773219414853527,[0 0 2 6]
199,24411,0.75,0.411,2.039262229252061,2.0576306812392966,0.339,0.0183684519872358,2.835949359578947,0.1132232425585346,0.0981441975154607,1.3038196298767348,0.8913130927255035,[2 1 2 3]
201,24433,0.75,0.555,1.8088968973092752,1.854139468185809,0.1949999999999999,0.0452425708765338,2.9571435695243258,0.1556183736545217,0.3177649571567518,2.034599299408112,0.330883388296259,[0 0 3 5]
202,24444,0.875,0.421,1.3590504634380665,1.434510696226279,0.454,0.0754602327882125,2.965571102849181,0.1109448912475958,0.3554593759658013,2.025301100936264,0.2155005095177013,[0 3 1 4]
204,24466,0.875,0.352,0.864040846438412,0.93332979196395,0.523,0.0692889455255381,2.984707133676361,0.1593574833506519,0.3066646923161893,2.037534706798937,0.0914143532273339,[2 2 2 2]
206,24488,0.875,0.444,2.0894979426895675,2.1398613922428296,0.431,0.0503634495532621,2.905677351037673,0.1888756056660271,0.1693329875305786,1.739063292424881,0.5259507653217639,[0 0 0 8]
207,24499,0.75,0.378,0.8393785886761023,0.9573620189279374,0.372,0.1179834302518351,2.968691627588906,0.1520221486886103,0.3353452653724881,2.0724942383511604,0.0934439695715472,[2 1 0 5]
208,24510,1.0,0.56,0.3817083861916746,0.4877022920888447,0.4399999999999999,0.1059939058971701,3.515884639058026,0.9346942825986476,0.4743111698963249,4.173409052214021,0.0021830371393424,[1 3 0 4]
212,24554,0.75,0.432,2.948135636780997,3.0086766006130388,0.318,0.0605409638320413,2.946819386900473,0.1550982861134759,0.3798524607718522,2.1553133427666813,0.5398239005165166,[0 1 1 6]
216,24598,0.875,0.471,0.4380694972767679,0.5879405254445399,0.404,0.1498710281677719,2.9669847021604028,0.4339644187031691,0.5356287312324851,2.9215281576214247,0.0117885100190948,[0 1 2 5]
225,24697,0.875,0.314,2.004536601583539,2.0721942991109383,0.5609999999999999,0.0676576975273994,2.9494388120213504,0.1361678306275693,0.253282140754094,1.8406246293609236,0.4506994599926052,[2 1 2 3]
229,24741,0.75,0.411,2.4617988267196576,2.487741912248689,0.339,0.0259430855290312,2.9402953232837885,0.1553652751579136,0.2547985395212532,1.8830837034424484,0.557736257663659,[0 1 1 6]
230,24752,0.875,0.452,2.1083247891960903,2.1974541603956976,0.423,0.0891293711996072,2.926811219464461,0.1480500254808614,0.1532996605058989,1.60668257185158,0.6438354043665139,[0 1 2 5]
232,24774,0.875,0.568,2.6366510834653134,2.682441609259981,0.307,0.0457905257946675,2.9716022965266613,0.1238266175159616,0.3137521119287765,1.9657070115853847,0.5570371870858328,[0 2 1 5]
235,24807,0.75,0.403,1.7441836117341998,1.8087335578057933,0.347,0.0645499460715934,2.9391129028839087,0.1635873346923644,0.3551074576132039,2.116762890582451,0.2919702745534369,[0 0 1 7]
237,24829,0.875,0.386,0.6488331297138351,0.6981078544132986,0.489,0.0492747246994634,2.954428741613349,0.146314390329283,0.2399543736358609,1.83619294558744,0.0420155898104879,[0 2 2 4]
238,24840,0.75,0.442,0.6496069162088917,0.7723696585191164,0.308,0.1227627423102247,2.948006755109455,0.187156738909814,0.2483386708870514,1.9454508590270017,0.060700362312493,[1 3 1 3]
239,24851,0.75,0.3,1.7084143551016997,1.803060988591843,0.45,0.0946466334901434,2.972601215109414,0.1431854560040652,0.2853392768634518,1.9459182779976485,0.3285294036383455,[1 0 2 5]
1,33344,0.75,0.36,1.111803383337533,1.1432754747373193,0.39,0.0314720913997863,2.986716063258855,0.1380716298226654,0.25714724066387,1.8776419256689805,0.1664282136548869,[0 0 1 7]
2,33355,0.75,0.432,1.2654482632776871,1.3588628071060829,0.318,0.0934145438283957,2.9753508593771825,0.1390666277136171,0.3334457736612956,2.0452424193129293,0.2177670393630208,[0 3 2 3]
3,33366,0.75,0.4,4.761546779638355,4.836399365172188,0.35,0.0748525855338329,2.9940577362474112,0.1375401389024281,0.579207254599916,2.5347972774744405,0.6684684082848725,[0 4 2 2]
5,33388,0.75,0.509,0.9925050572305896,1.0294472182407504,0.241,0.0369421610101609,2.930332462382769,0.1669143543749647,0.2378795130364733,1.8643775230521968,0.1446407347936206,[0 0 3 5]
7,33410,0.75,0.4,1.720809987947147,1.766528176062209,0.35,0.0457181881150616,2.984146950019808,0.1516175762916476,0.4250366688000794,2.266094163686292,0.2360190300283754,[0 2 0 6]
8,33421,0.75,0.35,1.499335030735688,1.5290568751538105,0.4,0.0297218444181224,2.9439244935621502,0.1153969640975748,0.2126077283577734,1.6860354252112664,0.3527785002268586,[0 1 1 6]
10,33443,0.875,0.431,1.9771849090589524,2.069650729746239,0.444,0.0924658206872868,2.9138579743910977,0.1337453603466757,0.1790196444154869,1.629586644887265,0.5737571165487321,[0 0 4 4]
12,33465,0.875,0.387,0.9759838754881788,1.0895048051985523,0.488,0.1135209297103736,2.9864218810906884,0.1705586437741952,0.5162344664291172,2.4749368601154256,0.0878701832186238,[1 1 0 6]
13,33476,0.75,0.341,2.4172080442125226,2.501096729048979,0.409,0.0838886848364564,2.996805506027026,0.1311435450950852,0.4942931144525557,2.370010252413102,0.3485262641843119,[1 0 1 6]
14,33487,0.875,0.481,1.9899325879245968,2.032663666172891,0.394,0.0427310782482941,3.0052015182377065,0.1288197909159291,0.2845090393173841,1.9320637359389672,0.4015414132565653,[0 2 1 5]
17,33520,0.75,0.341,1.884210331494018,1.928217323997896,0.409,0.0440069925038781,2.8725397514637594,0.1400198862027381,0.0952149621732424,1.3932109439500144,0.7048389312172356,[0 0 3 5]
20,33553,0.75,0.405,1.6782019030823367,1.7829205051046946,0.345,0.1047186020223578,2.9782296536249024,0.1158415317566369,0.816323734103802,2.875442196652584,0.1509396966569238,[0 3 1 4]
24,33597,1.0,0.561,1.3576643212399784,1.45572785983662,0.4389999999999999,0.0980635385966417,2.9428879617029686,0.1498569129984867,0.2721859151928829,1.911841967751085,0.2598307820801069,[0 0 0 8]
28,33641,0.75,0.302,0.720610102917826,0.8856491236492608,0.448,0.1650390207314348,2.9723024715809823,0.1958354856405356,0.2795877947872185,2.049430639802103,0.0834910466071168,[0 3 1 4]
30,33663,0.75,0.491,0.5387353018197958,0.6060676946583687,0.259,0.0673323928385729,2.989755609133654,0.2949127840736357,0.4245020735258114,2.5358606856922905,0.0143019239159709,[1 2 3 2]
35,33718,0.75,0.395,1.3475402018722344,1.4123733846242028,0.355,0.0648331827519683,2.87563666875683,0.1205852173542492,0.2138574523416355,1.663009972959635,0.3154739280951691,[0 2 0 6]
37,33740,0.75,0.464,0.6388807087142645,0.6590855448506774,0.286,0.0202048361364128,2.901771878090756,0.1445532403088404,0.2242811840714371,1.7622965524848249,0.0336646938827812,[0 2 1 5]
38,33751,0.75,0.381,2.345829884864266,2.3947850226304923,0.369,0.0489551377662262,3.003996139410104,0.1566063734084889,0.2572890463510752,1.932612038195275,0.4940560238759551,[0 0 2 6]
40,33773,0.875,0.614,3.51621325825751,3.5512832340857883,0.261,0.0350699758282782,2.96863070323396,0.1254289582263995,0.443357619798831,2.2388801435290726,0.6017997575896091,[1 0 1 6]
45,33828,0.75,0.299,2.541103867682118,2.615726195126582,0.451,0.0746223274444641,2.888268459789071,0.1387749031752446,0.2207936374162154,1.7319222890329118,0.6848702329111495,[1 0 3 4]
47,33850,0.75,0.407,0.7662406200132819,0.8120416377171811,0.343,0.0458010177038992,2.744322816048739,0.1557875436988525,0.1405564851859511,1.493940451332159,0.1247614002419748,[1 2 0 5]
49,33872,0.75,0.301,1.199624186471977,1.2413125976870805,0.449,0.0416884112151034,2.949348574233955,0.145884152378877,0.2159874093966921,1.7742030882635689,0.2163316974895009,[0 0 2 6]
52,33905,0.75,0.349,0.5057522274080477,0.6399135561688957,0.401,0.1341613287608479,2.8950016438976944,0.2962431043542915,0.2016260522353751,2.04270863975026,0.0318965630114979,[0 4 3 1]
53,33916,0.75,0.346,2.5304811242223098,2.552731572187669,0.404,0.0222504479653591,2.9295675048108976,0.1502581001556437,0.210498652286985,1.759586997492367,0.6492373688314811,[0 2 3 3]
54,33927,0.75,0.353,2.980122920329485,3.052052560071333,0.397,0.0719296397418478,3.011302017840323,0.1695291653833988,0.2317165712969151,1.9074779690304555,0.687396719355263,[0 3 0 5]
56,33949,0.75,0.437,1.8275096201527403,1.8725202082924943,0.313,0.0450105881397542,2.942664565298757,0.175594023250023,0.186502267623779,1.770731844862649,0.4214856633190967,[0 1 1 6]
57,33960,0.75,0.473,4.320277802076485,4.3446456337445545,0.277,0.0243678316680693,2.933258896204366,0.1301997667857873,0.1972225001828596,1.678434902886827,1.367368270895461,[1 1 3 3]
58,33971,0.75,0.333,1.36912186586415,1.3970478863847158,0.417,0.0279260205205658,2.919336110667472,0.1169693047279813,0.143378749464375,1.489571201724065,0.3780077149824985,[1 2 0 5]
59,33982,0.75,0.474,1.8130702315799687,1.8392367017786608,0.276,0.0261664701986918,2.957026309619885,0.1586275696955979,0.2841658471703909,1.967685867220476,0.3374487238966071,[1 1 1 5]
60,33993,0.75,0.34,2.007102713623356,2.11950698928573,0.41,0.1124042756623739,2.92422938186332,0.1659843509557466,0.2367111865410809,1.855666146940811,0.4619963080994372,[1 1 1 5]
63,34026,0.875,0.358,1.9568965224855468,1.9639218959748468,0.517,0.0070253734892999,2.8905354332220003,0.146631169276477,0.1578224355428418,1.5949198300654213,0.5566816896159179,[0 4 0 4]
64,34037,0.75,0.472,0.6867776218690629,0.740845533532527,0.278,0.0540679116634641,2.9073598042670152,0.1544168259603327,0.2087632213671306,1.7521035608248652,0.0779071910829615,[0 2 0 6]
65,34048,0.75,0.497,0.3407027542431542,0.4599663594781449,0.253,0.1192636052349906,3.12113070175771,0.9864550898308132,0.4749559323912649,3.773098517662236,0.0001602832630881,[1 1 0 6]
67,34070,0.875,0.337,2.949021042559826,3.071588840170959,0.538,0.1225677976111327,2.9723667071387947,0.121554370522844,0.3286082320515044,1.9942844121722316,0.629830677824238,[1 0 3 4]
68,34081,0.75,0.377,1.369913242378284,1.4728841231610197,0.373,0.1029708807827356,2.953114485314245,0.1229155441556267,0.3586999613745998,2.049417848226382,0.2254001454203619,[1 1 0 6]
72,34125,0.75,0.435,2.033140642087599,2.1179835111374685,0.315,0.0848428690498694,2.9510487643466217,0.11144523435935,0.175920121178264,1.5819530511438296,0.6280338880160184,[1 2 2 3]
77,34180,0.875,0.475,1.45596221049871,1.504652223434895,0.4,0.0486900129361846,2.983883704890827,0.1312829536713261,0.2370466419603077,1.8109239017685437,0.2943495015802808,[0 0 0 8]
79,34202,0.75,0.504,4.679879106185159,4.700829084416251,0.246,0.0209499782310915,2.940153820230157,0.1468646645417316,0.2820824410785185,1.9256259187740328,1.1231910391053743,[2 2 2 2]
80,34213,0.75,0.363,2.8710475603070837,2.918226436653573,0.387,0.0471788763464897,2.9339972808583417,0.1228748514308741,0.2862673328692787,1.8767085679015427,0.6783042078296052,[1 0 1 6]
81,34224,0.75,0.426,1.173053882507449,1.237269439491278,0.324,0.0642155569838289,2.898219516067829,0.1212165258850759,0.2047923744178626,1.6548018775990612,0.258765620487668,[0 4 2 2]
82,34235,0.75,0.589,1.258571574757548,1.265931074903976,0.161,0.0073595001464281,2.9065461076497736,0.1364560315630375,0.1725700351578311,1.61575226664765,0.2817316812078472,[1 2 1 4]
83,34246,0.875,0.419,1.406180849153256,1.456527592788094,0.456,0.0503467436348379,2.8886457035922994,0.1610294233583051,0.1815943676481154,1.6908420361992982,0.3187030811030973,[0 0 4 4]
85,34268,0.75,0.396,1.058360573306081,1.0982148303728705,0.354,0.0398542570667894,2.8224423715713445,0.125311104952193,0.1532924419417432,1.489767184937718,0.2561881593223487,[1 2 0 5]
87,34290,0.75,0.468,3.265318752994779,3.3756579027167626,0.282,0.1103391497219834,3.0353772849741683,0.1574764731229959,0.3581017021532958,2.179515401811361,0.6205958819776848,[0 0 2 6]
88,34301,0.75,0.38,1.9958919242052595,2.0584942319193704,0.37,0.0626023077141111,2.969811841970327,0.1069153460129462,0.2971653795243507,1.887830517250133,0.4297323559795214,[1 3 1 3]
89,34312,0.75,0.562,6.355395633666727,6.400288395995526,0.1879999999999999,0.0448927623287991,2.9884423422988284,0.164120205352643,0.7494232725941697,2.8563373041849545,0.7263955025738652,[0 2 1 5]
93,34356,0.75,0.516,2.690589838012057,2.755496708560881,0.2339999999999999,0.0649068705488238,2.9224144225669764,0.1211228520650317,0.2007862972347316,1.6580913845357177,0.8260962732786659,[1 0 1 6]
94,34367,0.75,0.301,4.4101597160592405,4.443648859908701,0.449,0.0334891438494606,2.936164684545431,0.1172431035581638,0.2897528553603707,1.8731625196106148,1.1078191958685146,[3 1 1 3]
95,34378,0.875,0.431,2.3201419723564567,2.4204601298926174,0.444,0.1003181575361606,3.008974838220692,0.154712456196186,0.5034692240636759,2.441133052902708,0.3178043286056485,[2 0 2 4]
97,34400,0.875,0.335,1.306056433647925,1.4171412701062394,0.54,0.1110848364583143,2.951474089256996,0.1636706902002617,0.2606435289895029,1.9225726849711768,0.2356412943869335,[0 3 2 3]
99,34422,0.875,0.427,1.7683193752781283,1.8514540189053967,0.448,0.0831346436272686,2.9671777961585635,0.1391071914316373,0.3449485981235784,2.064387781184988,0.3111255055189341,[0 2 1 5]
102,34455,0.75,0.33,1.1613174871813552,1.2115820258105816,0.42,0.0502645386292264,2.9255296918037645,0.1405010756425664,0.1371912231593086,1.541652274722654,0.2771228798721121,[0 3 0 5]
106,34499,0.75,0.445,1.0481821778773834,1.0817587808731086,0.305,0.0335766029957251,2.951092681154028,0.1155803879176772,0.2997914087799693,1.901959879547116,0.1528457252892164,[2 0 2 4]
108,34521,0.875,0.356,1.0340694617798314,1.1295554064748117,0.519,0.09548594469498,2.8590239788626515,0.128797940397068,0.1979442097489774,1.6342570951822042,0.2264443387853282,[0 0 0 8]
109,34532,0.875,0.489,0.688163279550589,0.7631921182706765,0.386,0.0750288387200874,2.889068090555201,0.1993935447865158,0.2310891861858668,1.8955517463987983,0.0654504553456953,[0 0 4 4]
113,34576,0.75,0.486,1.824527980060953,1.874947650456527,0.264,0.0504196703955739,2.8867863793755597,0.1419447811461514,0.1891123915386404,1.660986674917394,0.4850468293503036,[0 2 0 6]
117,34620,0.75,0.333,4.512214423432404,4.589459458556759,0.417,0.0772450351243545,2.939333641161657,0.1642714186201996,0.3741663383024273,2.156833589640794,0.8683533096445704,[0 1 2 5]
118,34631,0.875,0.563,1.2836172575357054,1.318155401303997,0.312,0.0345381437682916,2.9788429857588934,0.1892820353169203,0.3956230854874205,2.278192008196012,0.1546670749366055,[0 0 2 6]
121,34664,0.75,0.344,1.9132972756804352,1.9600076942539029,0.406,0.0467104185734676,2.957680450205559,0.1332290238954311,0.2464976645230782,1.8225808871268128,0.4260859442716436,[1 0 0 7]
124,34697,0.875,0.569,1.495194642538773,1.532456177396397,0.306,0.0372615348576239,2.9616860825082743,0.1821306166293867,0.2354582411487346,1.9138745862601312,0.2764001897572224,[1 0 1 6]
126,34719,0.75,0.534,1.0827730091020644,1.0982846350167543,0.2159999999999999,0.0155116259146899,2.795901486984524,0.1165564644698001,0.1340440158407073,1.3996286203575714,0.286192219926331,[0 2 1 5]
127,34730,0.75,0.515,1.3466794692844837,1.378747749482819,0.235,0.0320682801983354,3.001054016177903,0.178436980026165,0.1696365756884114,1.7705546134125547,0.2784081641804209,[0 1 0 7]
135,34818,0.75,0.419,2.6768568780668898,2.765609133465344,0.331,0.0887522553984543,2.947386584707484,0.1203702726576901,0.2667159474459929,1.83375350951256,0.6577236125221582,[0 0 3 5]
141,34884,0.75,0.447,0.3806031855396905,0.5164308166681211,0.303,0.1358276311284305,2.9970367617341047,0.6463105582492528,0.6965535028398335,3.47302648768574,0.0039253238629756,[0 3 1 4]
143,34906,0.75,0.475,0.7644470054867465,0.817414582509997,0.275,0.0529675770232505,3.0000409775056465,0.194153683973057,0.3884585257023229,2.289902428495019,0.0557699934908185,[1 2 1 4]
146,34939,0.75,0.508,0.5048306636670966,0.6401519165754255,0.242,0.1353212529083288,2.933960984299389,0.2619602714649693,0.2865619227398456,2.1729585227320767,0.0291759500207494,[0 3 1 4]
150,34983,1.0,0.428,1.7747448442331577,1.864348360461212,0.5720000000000001,0.0896035162280546,2.96918321778221,0.1491602137610201,0.352858102517244,2.103762834909772,0.3021528248732947,[0 0 0 8]
151,34994,0.75,0.407,1.5108338462799438,1.555758870016193,0.343,0.0449250237362492,2.8034581852507525,0.1281578850056839,0.1093295869100713,1.3662004844493352,0.5421605438568682,[0 2 1 5]
159,35082,1.0,0.357,2.61556848291102,2.771972468752885,0.643,0.1564039858418646,2.970154166873499,0.1483748725869595,0.3220077302687935,2.0370637364001563,0.5368129854366751,[3 1 0 4]
161,35104,0.75,0.448,0.7470573204103763,0.8070093367172391,0.302,0.0599520163068627,2.957681897203748,0.1990731272160262,0.2380727005271556,1.9555306715889211,0.0748897920745848,[1 1 1 5]
163,35126,0.75,0.44,1.7917273830661622,1.8168089589198333,0.31,0.0250815758536711,2.9413431144768323,0.1110630003367434,0.1772995614443779,1.579483620149601,0.5065824504053076,[0 2 1 5]
164,35137,0.875,0.499,1.078290223591708,1.1515858882341523,0.376,0.0732956646424445,2.892841714260644,0.1946078468057531,0.2091193082037361,1.8380979554649792,0.1843411167374467,[1 0 0 7]
168,35181,0.75,0.427,1.1614441470300316,1.2263270179029169,0.323,0.0648828708728852,2.7831130512027182,0.1224328470587548,0.1094481202364646,1.3401808241969906,0.3742911304831158,[1 2 1 4]
170,35203,0.75,0.36,2.9044127029922286,2.9828559781927697,0.39,0.078443275200541,2.966129296225164,0.1235164919302218,0.2133094029733168,1.7214436640261797,0.8180977856932231,[0 0 4 4]
172,35225,0.75,0.316,1.2828726130441188,1.333169184062641,0.434,0.0502965710185221,2.890973012186824,0.1328237244451149,0.1598207184823688,1.5639187204707103,0.3161314074779358,[0 2 2 4]
180,35313,0.75,0.258,1.476085233403261,1.5477148782367327,0.492,0.0716296448334716,2.884343323228056,0.1439260663177646,0.1371422951725066,1.5291600175348796,0.4190718570266251,[2 2 0 4]
184,35357,0.75,0.306,0.8737952324739247,0.9926508381636028,0.444,0.1188556056896781,2.93234789978322,0.151435304425848,0.1870490416749129,1.7060226349296588,0.1605395852533092,[0 4 1 3]
186,35379,0.75,0.517,1.9790625620810784,2.0280831488052167,0.2329999999999999,0.0490205867241382,2.95894226454162,0.1999548099717715,0.3926431162435647,2.2778050678760478,0.2947098394105089,[0 1 1 6]
188,35401,0.75,0.513,1.257253930979331,1.2725946005479023,0.237,0.0153406695685713,2.8833678306864337,0.1316238839585057,0.1783803014204041,1.6054021025982317,0.2826405282288461,[1 0 1 6]
191,35434,0.75,0.354,3.2278194801177302,3.3093324246149503,0.396,0.08151294449722,2.88458734209344,0.146593899473674,0.1364330505816506,1.5346084638039288,1.1710021533698618,[1 0 1 6]
192,35445,0.75,0.395,0.8094360391268187,0.8339487160904402,0.355,0.0245126769636214,2.910062650472543,0.119086162577286,0.171782970803222,1.5694632738287106,0.1158019614555984,[1 1 1 5]
193,35456,0.75,0.341,3.076724733614808,3.1357472163366027,0.409,0.0590224827217951,2.955646277703763,0.1356864146781532,0.1644339078615573,1.6191987508389427,0.9859853990563964,[1 1 1 5]
196,35489,0.875,0.396,2.1889047583098726,2.293210584582456,0.479,0.1043058262725833,2.952370475736584,0.1836241384348867,0.2296901233436422,1.8980648616516,0.4886422869358471,[0 3 0 5]
198,35511,0.75,0.683,0.6135774646548131,0.7263770529965601,0.0669999999999999,0.1127995883417469,2.9820090817461056,0.201800366800142,0.4662759721002857,2.4373730628828354,0.0417744447981154,[0 1 1 6]
200,35533,0.75,0.445,1.1690966711913142,1.2599908728078502,0.305,0.0908942016165359,2.970487183603236,0.1679320972429546,0.4828346614071781,2.396295451447393,0.1276804343576523,[0 2 0 6]
202,35555,0.75,0.358,3.9897103567446575,4.17585466388584,0.392,0.1861443071411814,2.9561961001950787,0.1170421871135483,0.3290101272780698,1.974359065922629,0.9329251404968212,[0 2 1 5]
209,35632,0.75,0.488,1.3479229792214242,1.4123553281992864,0.262,0.0644323489778622,2.945214343417639,0.1287451220874112,0.2743618779507968,1.869937438298996,0.2534693093745568,[0 2 2 4]
210,35643,0.75,0.276,0.6719299267845724,0.7808895737186441,0.474,0.1089596469340716,2.964208188955456,0.2261495323268255,0.3648159616346147,2.278713705678197,0.0459757180037519,[0 3 4 1]
211,35654,0.75,0.426,0.4437675146323694,0.6068508907304228,0.324,0.1630833760980533,2.939243581875831,0.4773707235408997,0.2657657260748388,2.533785579808986,0.0183793915714316,[0 5 0 3]
212,35665,0.75,0.436,2.627614076963977,2.6427032908834818,0.314,0.0150892139195049,2.935205027675221,0.1519480290985841,0.2461414068151187,1.8519479186552985,0.6104766922584006,[0 2 0 6]
216,35709,0.75,0.462,3.176868972597745,3.202368049165792,0.288,0.0254990765680473,2.9930839469173973,0.1666624600234281,0.2625204192416063,1.9608306741072568,0.6888893262715018,[0 1 1 6]
221,35764,0.75,0.338,0.8392541607643678,0.8597394435216152,0.412,0.0204852827572474,2.886007875966011,0.118186198941929,0.1226118405497654,1.4161980279771027,0.151150458411288,[0 1 3 4]
222,35775,0.75,0.655,2.0606228747700497,2.0897244378803674,0.0949999999999999,0.0291015631103177,2.884424045941908,0.1511378185114269,0.1815809675225676,1.6637871615435762,0.5633032195172734,[1 1 0 6]
225,35808,0.875,0.482,3.1301443833474987,3.1787273419730018,0.393,0.0485829586255031,2.8996868541617102,0.1374671317767353,0.1689357694669477,1.6050831525200888,1.0248494219368618,[0 0 3 5]
228,35841,0.75,0.419,0.6916424506881249,0.8034845011823566,0.331,0.1118420504942316,2.983012101000924,0.260196683836968,0.5213216126434967,2.637087803309522,0.0383222939127162,[1 1 1 5]
229,35852,0.75,0.388,2.16089783317173,2.217670629089748,0.362,0.0567727959180177,2.943772156658219,0.1085714581338794,0.2135363802380853,1.6707244947906834,0.5992953605146786,[2 0 1 5]
236,35929,0.75,0.317,1.8163769267943024,1.863224168684575,0.433,0.0468472418902723,2.9626761540587494,0.1473629867985534,0.294527234218657,1.9694337556110688,0.34887032179868,[0 0 1 7]
241,35984,0.75,0.531,2.903292771353877,2.928267469109662,0.2189999999999999,0.0249746977557849,2.9757600963591573,0.1336875133901657,0.3905343354901079,2.154544530955373,0.519016782119106,[0 0 2 6]
244,36017,0.75,0.312,1.9826071577285087,2.123278605767418,0.438,0.1406714480389093,2.9208088749558714,0.1643729323139368,0.3140933945696923,2.020360313423454,0.3881569038730432,[0 1 0 7]
246,36039,0.75,0.634,3.048677089577829,3.0746001405226075,0.1159999999999999,0.0259230509447787,2.9306867694697574,0.1312615617109142,0.290458264464951,1.9031867835419016,0.7067807423251209,[1 0 1 6]
1,44455,0.875,0.588,2.155981567201315,2.191596797724136,0.287,0.0356152305228212,2.9535832333749528,0.1182393119314888,0.2485427116004609,1.7887647794152872,0.5254020731219176,[0 5 1 2]
5,44499,0.875,0.491,1.4783484503687887,1.5146365988541408,0.384,0.0362881484853521,2.8832292436991884,0.1225611412738087,0.1612156244536911,1.535916449106158,0.4105659980151925,[0 0 2 6]
7,44521,0.875,0.538,2.0394334502321647,2.1171329636572542,0.3369999999999999,0.0776995134250895,2.9810929324660496,0.1805565938821856,0.2998014751091333,2.0661319810881644,0.3781843291985258,[0 2 1 5]
8,44532,0.75,0.434,1.7771120255238553,1.8053470492026025,0.316,0.0282350236787469,2.96371211315153,0.1138167400565736,0.2514943002087688,1.791296238405173,0.4165514303793141,[1 1 2 4]
9,44543,0.75,0.449,2.2276453237060543,2.2610478817843846,0.301,0.0334025580783303,2.9937396350982883,0.1157430598554383,0.3900513194203428,2.1291243487367444,0.3791232681778583,[0 1 1 6]
10,44554,0.75,0.395,1.262463344487387,1.3574609492167236,0.355,0.0949976047293366,2.959272123616412,0.2038880996982615,0.2807627196641817,2.060152543296877,0.1882701440659859,[0 2 1 5]
12,44576,0.75,0.335,0.730584214315091,0.7582745232271887,0.415,0.0276903089120976,2.9663410170516427,0.1244039035602165,0.2303367391880748,1.7667559040687788,0.06577171766445,[1 2 0 5]
16,44620,1.0,0.535,0.2933450020359242,0.4925850521332335,0.4649999999999999,0.1992400500973093,2.983916824988274,0.9947591645521716,0.5430453207839033,3.700302889981266,0.0033536541241442,[0 0 3 5]
18,44642,0.875,0.352,0.81171933290713,0.8675705546012348,0.523,0.0558512216941047,2.812422400345852,0.1433696074045538,0.1802786046962095,1.599989580554868,0.1196054650726194,[0 2 0 6]
19,44653,0.875,0.427,3.34273128229644,3.382316342463741,0.448,0.0395850601673011,2.9690454080010293,0.1442590248374052,0.4026133507378291,2.1956334207880297,0.6048814788490634,[0 2 3 3]
21,44675,0.75,0.398,2.709839474148631,2.78754015493372,0.352,0.0777006807850888,2.976962157155977,0.1340968403155723,0.6078617994685531,2.5642665203873407,0.3413074837337667,[0 1 1 6]
24,44708,0.875,0.528,3.057918124607885,3.2125108536404925,0.347,0.1545927290326076,2.984164876357037,0.133516291777844,0.3496175016017473,2.0742281423798605,0.622649353137339,[1 1 1 5]
25,44719,0.875,0.375,0.6879989488226084,0.7378188485071779,0.5,0.0498198996845695,3.0144841016332498,0.1661558130083303,0.2618178469248037,1.972066329404503,0.0626257317233309,[1 1 1 5]
26,44730,0.75,0.35,0.9394836208074244,1.0466601976083327,0.4,0.1071765768009082,2.9435272564695474,0.1296275616880688,0.2333595125948006,1.7734283297063305,0.1497010828757471,[1 1 1 5]
27,44741,0.75,0.563,5.190775915422344,5.235324587409101,0.187,0.0445486719867576,2.955950146682162,0.1140625082156847,0.3746865204793395,2.066522122706872,1.0992705466953114,[0 1 3 4]
30,44774,0.875,0.493,1.301558681620164,1.3347457517518282,0.382,0.0331870701316643,2.9715807414660844,0.1539709637730836,0.2710862650283366,1.9373640573806468,0.2142234446693156,[1 1 0 6]
31,44785,0.75,0.389,0.3178601508972764,0.5596526692276821,0.361,0.2417925183304057,2.9991682907717,0.9391895343701562,0.3335328723198157,3.3835116862187427,0.0031988814627522,[0 1 3 4]
32,44796,0.875,0.438,1.299195696946414,1.4077844524010463,0.437,0.1085887554546325,2.924446985481961,0.1476607613985715,0.2845820917914654,1.9226828987282012,0.2378214706230439,[0 1 1 6]
33,44807,0.75,0.427,4.17662685882357,4.246371189828462,0.323,0.0697443310048919,2.955293003153818,0.1411408602071337,0.2455787610159208,1.837801702093085,1.0970699098113428,[1 0 1 6]
36,44840,0.75,0.474,2.3726057889118524,2.4358043712660544,0.276,0.063198582354202,2.944891847770668,0.1682301121871321,0.2831367107679872,1.9784913992148463,0.4875968659335186,[0 1 0 7]
40,44884,0.75,0.39,1.6276074519119108,1.6493003984531698,0.36,0.0216929465412589,2.9427431038750624,0.1098899216690971,0.2008690775919489,1.6404545700324948,0.406785133927124,[0 2 0 6]
42,44906,0.75,0.541,1.3769547566781215,1.4696886962848064,0.2089999999999999,0.0927339396066848,2.920782740374408,0.1705072094775988,0.1911688578056185,1.7565444306035884,0.3064157806096459,[0 1 0 7]
45,44939,0.875,0.359,0.403422234860521,0.5944172809295801,0.516,0.1909950460690591,2.9696585901247525,0.3305863492073887,0.5500479567819843,2.786790510299016,0.0073759079975279,[0 3 2 3]
47,44961,0.75,0.528,2.844725611392642,2.922361445438188,0.2219999999999999,0.0776358340455463,2.9757464286536037,0.1592424787856358,0.3269793757696813,2.0749763867148525,0.5658507874433358,[0 3 3 2]
50,44994,0.75,0.312,2.4688696694423298,2.5651693013291315,0.438,0.0962996318868016,2.942676851992376,0.1341845737001346,0.2962970263225717,1.9307225526980016,0.5442316786836507,[0 3 2 3]
52,45016,0.75,0.4,1.4519735919766628,1.5105249832192569,0.35,0.0585513912425941,2.995202464709928,0.1391175152666589,0.3962250089260996,2.1915029298293063,0.2062036715922799,[0 2 0 6]
53,45027,0.75,0.388,3.01700364231128,3.076585334012175,0.362,0.0595816917008948,2.944970441375733,0.162026087302304,0.2484102606704329,1.8867043356458368,0.7197578123606111,[2 0 1 5]
65,45159,0.75,0.328,1.708079002069328,1.750503739827214,0.422,0.0424247377578859,2.818991929742583,0.1516524879970945,0.1093356607676432,1.440138384702315,0.5779773301191605,[0 1 0 7]
67,45181,0.75,0.381,0.7736265693856468,0.8202600607087648,0.369,0.046633491323118,2.9424263150429324,0.1385644247325074,0.1834838178830841,1.6698061749454092,0.1067109083912862,[0 0 3 5]
70,45214,0.875,0.505,0.7278191009390218,0.8513482644259707,0.37,0.1235291634869488,2.9799988685658807,0.1636072564890754,0.5514367214118405,2.519895180272841,0.0458363357259359,[0 1 3 4]
72,45236,0.875,0.402,1.454939900524466,1.4878246722190878,0.473,0.0328847716946218,2.948765122783894,0.1554108583775059,0.3368696312662697,2.068933316143048,0.2244719289616439,[0 1 0 7]
73,45247,0.75,0.479,0.8969434085144762,0.9211311611339538,0.271,0.0241877526194775,2.95293055713139,0.1411430431148927,0.2342720178390691,1.809293736863815,0.1156153610585074,[0 1 0 7]
75,45269,0.75,0.415,0.9862647438571864,1.1052922149474915,0.335,0.1190274710903052,2.98871901362588,0.1412434250221197,0.9486848676527808,3.120211618103871,0.0556856605917229,[0 3 1 4]
76,45280,0.875,0.4,0.829570876184186,0.8454919581037958,0.475,0.0159210819196098,3.048548080474979,0.1557058847763021,0.264247226585817,1.9755746761873416,0.0743719878125587,[0 2 0 6]
78,45302,0.875,0.423,0.8813109914119625,0.9166179713907984,0.452,0.0353069799788359,2.882591187125267,0.1303177354457458,0.178520663761406,1.60194905617033,0.1479048328999048,[2 0 1 5]
80,45324,0.75,0.497,1.5997297454729142,1.6221637786323786,0.253,0.0224340331594643,2.8785434450382263,0.1192524811835816,0.1375583148507488,1.458745156426887,0.5123737324108311,[1 1 3 3]
84,45368,1.0,0.29,2.0035140894803267,2.0987969130020354,0.71,0.0952828235217086,2.9496299565585287,0.1402531799106143,0.3752970202090692,2.1178881247393955,0.3450546904992231,[0 5 2 1]
85,45379,0.75,0.516,4.31817578001993,4.375072805704799,0.2339999999999999,0.0568970256848695,2.997109393451135,0.1648309854070356,0.4489634669935558,2.348086406128929,0.6957038826830256,[0 1 2 5]
87,45401,0.875,0.464,0.4485575635082535,0.6031042948554408,0.411,0.1545467313471873,2.948199015526603,0.4830676530154978,0.2380663469689332,2.5035990777649686,0.0148547324596793,[1 2 0 5]
90,45434,1.0,0.599,0.7915851743338057,0.8489754063582613,0.401,0.0573902320244555,2.823721265655452,0.1412523970696242,0.1024565254661481,1.393983198693172,0.1660222543283763,[0 0 0 8]
95,45489,0.75,0.351,1.8353883874153547,1.9459950243366853,0.399,0.1106066369213305,2.931727998421344,0.1302684020708326,0.2128301481379116,1.717248382839616,0.4844245228857893,[0 2 2 4]
96,45500,0.75,0.402,2.4344711983492844,2.559465853252773,0.348,0.1249946549034888,2.9721297018377646,0.1400268526667925,0.3717580956464513,2.126236221813676,0.446773203878382,[3 3 0 2]
97,45511,0.75,0.367,1.7713170172873929,1.8043560124656923,0.383,0.0330389951782998,2.8786031595328487,0.1183882494195635,0.1266934473354674,1.4250734104516354,0.6135082342031918,[1 0 2 5]
100,45544,0.875,0.42,4.754934799599576,4.879958991375627,0.455,0.1250241917760508,3.0292666100217494,0.2404051040840736,0.6701869844073832,2.8906761166177883,0.52389162503723,[1 1 1 5]
101,45555,0.875,0.446,2.603845049530197,2.7468289783614197,0.429,0.1429839288312226,2.984787704549232,0.1300915591306803,0.3389260043249965,2.044127590396137,0.5264399490842899,[0 2 1 5]
106,45610,0.75,0.368,12.919150004466324,13.08598501558836,0.382,0.1668350111220355,3.002890536352739,0.1741917174420052,0.8694174969061794,3.067668689889857,1.3340808056984654,[1 2 0 5]
114,45698,1.0,0.442,2.8127315954641228,2.991562957554843,0.558,0.1788313620907202,2.968859053547189,0.1350255542917482,0.2739769035774933,1.8986833365821096,0.6698913631587757,[0 1 2 5]
116,45720,0.75,0.46,4.895433819145454,4.963829121479818,0.29,0.0683953023343635,2.9794600121389783,0.15312704780072,0.648702467420518,2.6679554926334283,0.6242914871459052,[0 1 1 6]
119,45753,0.75,0.407,3.6886068469653135,3.7476403555205233,0.343,0.0590335085552089,2.959639947819428,0.1365079107674753,0.2782153901224801,1.9059789454321223,0.883503516817605,[0 2 2 4]
120,45764,0.75,0.372,1.6618006434554031,1.7204541761921264,0.378,0.0586535327367232,2.949900237493328,0.1378288673942768,0.3880261524492213,2.139145576578084,0.2598064097368582,[1 1 0 6]
121,45775,0.75,0.463,1.683951477060908,1.749558735149687,0.287,0.0656072580887789,2.8449555988663264,0.1269097974522002,0.1403139081091182,1.470662382017348,0.5564146848014216,[1 0 1 6]
122,45786,0.75,0.311,0.850042158891338,0.910822976316383,0.439,0.0607808174250449,2.9756995599296743,0.183748283210948,0.4146042783460978,2.3018003833166247,0.0668437697373127,[1 4 1 2]
124,45808,0.75,0.306,4.438733838763319,4.517173923255169,0.444,0.0784400844918495,2.968718087671045,0.141058214122974,0.5005141840282246,2.3778901846213825,0.7038702650768268,[2 1 3 2]
125,45819,0.75,0.293,3.537384481824749,3.610707605449078,0.457,0.0733231236243292,2.959943230823077,0.1300839864088359,0.2806576491013752,1.8970018122341603,0.849888452669463,[0 0 2 6]
126,45830,0.75,0.429,0.5648172897908864,0.6416424880982184,0.321,0.076825198307332,2.945015511867778,0.1910031021833682,0.2319966177629097,1.9153918120103977,0.0312302517292105,[0 1 2 5]
127,45841,0.75,0.602,0.9344113937182006,0.9503578238013856,0.148,0.015946430083185,2.932741471301717,0.1368136340311244,0.1916772119701933,1.6808749939466536,0.1757916463422006,[1 1 2 4]
128,45852,0.75,0.433,0.8497559892401223,1.0646392924924784,0.317,0.214883303252356,2.998461415273304,0.1477626331438181,0.2623030433685949,1.920105865470927,0.1427753680047946,[0 3 1 4]
129,45863,0.75,0.436,4.191084446159005,4.274456559868381,0.314,0.0833721137093759,2.9670131886111544,0.1223527190484835,0.3254870116129624,1.985549811842979,0.9548758552016804,[0 1 4 3]
130,45874,0.875,0.465,1.6020083778955252,1.671111790523371,0.41,0.0691034126278458,2.901973884055534,0.1447965290801448,0.1985082020176636,1.700330691302481,0.3970384646809867,[1 1 0 6]
144,46028,0.875,0.757,0.6694010953496936,0.7079112173466755,0.118,0.0385101219969818,2.9117288827771546,0.1989478341720658,0.1938742727229599,1.8249412790553328,0.0707782807120267,[0 4 1 3]
145,46039,0.875,0.403,0.3955143725108881,0.6028246418579005,0.472,0.2073102693470123,2.969776360945857,0.4012971576571399,0.2605842738356548,2.416094099634136,0.0188615820324104,[1 1 0 6]
149,46083,0.875,0.461,2.176624289369013,2.2148444820505047,0.414,0.0382201926814911,2.9628029353364504,0.1281170583283566,0.3788846894829109,2.109635837791356,0.3806086846038046,[0 3 2 3]
150,46094,0.75,0.41,1.7081557951128088,1.78168857399098,0.34,0.0735327788781712,2.927486539466752,0.1267630932541327,0.2626482722814556,1.8268345571806557,0.3709666713014418,[2 1 2 3]
152,46116,1.0,0.517,1.2954802838276018,1.343916798773862,0.483,0.0484365149462602,2.940901430968572,0.1602756508276398,0.2146594718322298,1.8007711798825905,0.2475329783614504,[0 1 0 7]
153,46127,0.75,0.345,2.411262485322375,2.4511906773283534,0.405,0.0399281920059784,2.969495818313445,0.1393212415337023,0.2835547032505029,1.9310308343933469,0.5107990088827626,[0 3 1 4]
158,46182,0.75,0.605,1.5510919250501785,1.5533276338274815,0.145,0.002235708777303,2.9827041838020487,0.1293782955648586,0.28614554270669,1.9226850763539127,0.2889273176041234,[0 1 1 6]
159,46193,0.875,0.402,0.8711618080280139,0.9608917074261544,0.473,0.0897298993981403,3.032312723402296,0.187648976202951,0.4815831301792143,2.480632173952441,0.0699737249983025,[1 4 0 3]
164,46248,0.75,0.379,2.4431747514917643,2.576328538960851,0.371,0.1331537874690864,3.016301172752843,0.1331470166437096,0.2959614844511545,1.975869521738203,0.5184189392713989,[1 1 1 5]
165,46259,0.75,0.44,2.7865785976752893,2.8091164121103627,0.31,0.0225378144350734,2.9129397280185776,0.1645616257407617,0.1738426802600436,1.694530690446138,0.7895986371174996,[1 1 1 5]
167,46281,0.75,0.449,0.3858569153651027,0.4934048301737356,0.301,0.1075479148086329,2.986479240311758,0.8959620950769065,0.5779107727745648,3.625680345205293,0.0020318002834682,[1 2 1 4]
170,46314,0.875,0.339,0.701051949466669,0.818834179183077,0.536,0.1177822297164079,2.851232299977013,0.1492707887469302,0.1996790299897916,1.6842792210488593,0.0978348525617549,[0 1 4 3]
171,46325,0.875,0.337,2.237032565028552,2.31960126386517,0.538,0.0825686988366181,2.863047617005635,0.1274624034436168,0.1436104882417982,1.4906360338105005,0.8008625622479694,[1 3 3 1]
175,46369,0.875,0.498,2.7757782585104662,2.8751681551132298,0.377,0.0993898966027635,2.971371004359032,0.1399286963740232,0.5669417664186279,2.498197666615727,0.3768632196395295,[2 1 2 3]
176,46380,0.75,0.222,0.6531302643185126,0.7656621260881873,0.528,0.1125318617696746,2.911052476125241,0.1333739056268564,0.1658658885473392,1.5924276433350826,0.0833363855797892,[1 4 0 3]
180,46424,0.75,0.436,1.068853420148049,1.1276162847968214,0.314,0.0587628646487723,2.905088174842896,0.1325993730157949,0.124326315884379,1.472526378619153,0.2702469121697793,[0 4 1 3]
184,46468,1.0,0.356,0.6862147810382859,0.8160446073093874,0.644,0.1298298262711015,2.8896732777349112,0.1807678248057806,0.1796751809233116,1.7348704235016736,0.088931765741529,[0 1 4 3]
185,46479,0.875,0.283,1.7790316544066167,1.8280733476723667,0.5920000000000001,0.04904169326575,2.8809525468702253,0.1246760418470538,0.1468488791786658,1.5012082863325904,0.5617467463762876,[0 3 0 5]
189,46523,0.75,0.541,1.5489792323963072,1.6177411253880043,0.2089999999999999,0.0687618929916973,2.884383871472,0.179439924880308,0.1466484678896243,1.6471028876105085,0.4060214154690163,[0 2 1 5]
191,46545,0.75,0.412,0.6264633722264022,0.6592584534329172,0.338,0.0327950812065149,3.192781125710641,0.1918651257887273,0.190798944321792,1.975049527213848,0.034887614501065,[0 4 2 2]
194,46578,0.75,0.57,2.495487384776757,2.532420609895652,0.18,0.0369332251188949,2.946751264420191,0.1376096774289683,0.2844587304960845,1.9144097684505523,0.5448330956816285,[1 0 1 6]
195,46589,0.75,0.342,2.7582854467806595,2.795946498724152,0.408,0.0376610519434921,2.8883334863672703,0.196750822330169,0.1778537999057744,1.7678031411645536,0.7218865896343043,[0 1 1 6]
205,46699,1.0,0.606,0.5073844318173867,0.592978313407552,0.394,0.0855938815901653,3.0125378842131134,0.3689899933011297,0.3726848779470574,2.594414121415067,0.0177407997178926,[0 5 0 3]
208,46732,0.75,0.374,1.9562026455894617,1.9994014252198973,0.376,0.0431987796304358,2.893689653715154,0.1143878410315844,0.191661315883261,1.6008385911594432,0.5687890067479974,[0 0 1 7]
209,46743,0.75,0.49,1.8355332195431489,1.978207916867913,0.26,0.1426746973247641,2.94398414996748,0.1209392545110405,0.2813674335110567,1.867299984905994,0.4124845761915812,[1 2 2 3]
212,46776,0.875,0.371,1.9726875229124317,2.023877213739897,0.504,0.0511896908274656,2.944517702946777,0.1294865434211315,0.1867648872672984,1.6558859421457617,0.5367360165375229,[0 3 1 4]
214,46798,0.75,0.368,5.827672169808964,5.995970269804465,0.382,0.1682980999955008,3.0101950422810297,0.1431597008241246,0.8546830483503349,3.006946416439926,0.6022403577218443,[0 1 1 6]
216,46820,0.875,0.389,3.1860074186480944,3.296792799493944,0.486,0.1107853808458494,2.9148228016258173,0.1399666814780491,0.2551856003654918,1.8322908180477824,0.818923156046231,[1 0 2 5]
219,46853,0.75,0.296,1.798472396465982,1.866079721342701,0.454,0.067607324876719,2.891899454988729,0.1468116666231358,0.1918161160770628,1.6828464187832433,0.4597814583051714,[0 0 0 8]
221,46875,0.75,0.415,2.596673376331011,2.710573479532032,0.335,0.1139001032010211,2.933644881325357,0.2073118351486423,0.2134285577689605,1.902894212702165,0.6016947469309925,[1 0 1 6]
222,46886,0.875,0.449,2.783592112068181,2.875665537946841,0.426,0.0920734258786599,3.0245521095420766,0.135731428613303,0.2486619799267513,1.8752062302551615,0.6739579831419931,[0 2 3 3]
223,46897,0.875,0.481,3.4699543049339923,3.5171711210575944,0.394,0.0472168161236021,2.9543673191393944,0.1582984849370155,0.2964802301152707,1.9923450525181672,0.7516053466216486,[0 0 3 5]
229,46963,0.75,0.36,5.046066992435248,5.095102008473821,0.39,0.0490350160385739,2.9857807048564813,0.125263144093226,0.5291685704458253,2.41540563945707,0.7847887921830308,[0 1 3 4]
230,46974,0.75,0.4,1.3172321828189435,1.4046809144307082,0.35,0.0874487316117647,2.988422886596582,0.1406017203957511,0.186038742056986,1.7079574407738092,0.2992110277837571,[0 1 0 7]
231,46985,0.75,0.553,1.7220341902177745,1.77805258556437,0.1969999999999999,0.0560183953465955,2.934578000612214,0.1482043569263061,0.258770881515108,1.872102618089872,0.3727422649974853,[0 1 0 7]
232,46996,0.875,0.418,1.1018740091454131,1.1525021712054924,0.457,0.050628162060079,2.9664361765619818,0.1354395825558429,0.2292300264710716,1.7913679282498738,0.1863992131807781,[0 1 1 6]
234,47018,0.75,0.374,1.9239068021503427,2.034332946430725,0.376,0.1104261442803822,2.92452228192987,0.1204126340880686,0.2329472060249967,1.7384553043955584,0.4885053613807059,[1 0 2 5]
240,47084,0.75,0.375,0.6504699803289058,0.8608008715205229,0.375,0.210330891191617,2.9842585638287344,0.2108361496941305,0.4871230180078157,2.493167499477658,0.0541377726056444,[0 1 0 7]
241,47095,0.75,0.448,2.26412613173604,2.289501630654231,0.302,0.0253754989181911,2.8915196326840533,0.1551327272397436,0.1847157098023787,1.6856553522968023,0.614533821306614,[0 3 0 5]
244,47128,0.75,0.375,1.0081729817995204,1.079334407554582,0.375,0.0711614257550614,2.958609058608174,0.1581515016584732,0.2801826683306469,1.9588006802015272,0.1371887488632536,[2 1 2 3]
248,47172,0.75,0.449,1.1349065951590658,1.171582151405429,0.301,0.0366755562463632,2.848097503953636,0.1219917384383015,0.1255225164412924,1.4169514212754806,0.3179787981219784,[0 4 1 3]
2,55577,0.875,0.328,0.5217923172303809,0.6923375362681848,0.5469999999999999,0.1705452190378039,2.9013180239054,0.1482245033490167,0.2118809606694481,1.7410457828856962,0.0539903428599783,[1 1 0 6]
6,55621,0.875,0.424,2.9045031223036304,2.948337308354116,0.451,0.0438341860504856,2.9605503937555704,0.1295291231765026,0.3777119435835365,2.1085294030423163,0.5385666162644366,[0 1 0 7]
8,55643,0.875,0.329,2.0377847597630723,2.0876155234858658,0.546,0.0498307637227934,2.9322799345248662,0.1184489863898434,0.2514995941875382,1.7835123098764791,0.4838878975401764,[0 0 4 4]
9,55654,0.75,0.378,3.28098241530819,3.380383857543181,0.372,0.0994014422349911,2.974364123713608,0.1587528648618795,0.38033102151309,2.183847507358188,0.596084816022134,[1 1 1 5]
12,55687,0.75,0.347,1.7516215386605305,1.8135680060362855,0.403,0.0619464673757552,2.961021259323598,0.1259976726457058,0.3686276169069726,2.082474462196632,0.2899938613747607,[0 2 2 4]
14,55709,1.0,0.377,2.2354172126006486,2.3452049385780187,0.623,0.10978772597737,2.930107887433847,0.1311435255410231,0.297315642430384,1.9179546388575757,0.4902950684887248,[0 0 7 1]
15,55720,0.75,0.645,1.581168339806136,1.652271963570678,0.1049999999999999,0.0711036237645419,2.9967101655438526,0.1419187639835557,0.3956817047124603,2.197225144914934,0.2352677942514603,[2 2 0 4]
16,55731,0.75,0.371,2.154505226989916,2.2287189815911805,0.379,0.0742137546012648,2.9592088657469686,0.1633153971394536,0.3433653272267026,2.1064095292877805,0.3848322127258743,[0 0 1 7]
20,55775,1.0,0.546,2.0466709187304133,2.1196473024533504,0.4539999999999999,0.0729763837229371,2.930758198220553,0.1396003648138171,0.2313806934034188,1.785072487104446,0.4962237513282432,[0 1 3 4]
23,55808,0.75,0.407,1.515165791286082,1.5602223309832577,0.343,0.0450565396971756,2.867195183611688,0.1439585482081652,0.1580541465393912,1.5756866578748276,0.4078077438818707,[0 2 0 6]
26,55841,0.75,0.469,0.6790527165222888,0.7787934113100263,0.281,0.0997406947877375,2.942409191211375,0.2613502501134478,0.3035373353177627,2.2114854362458947,0.0542646439782066,[0 1 0 7]
28,55863,0.75,0.457,0.8291222376392355,0.90968083144822,0.293,0.0805585938089845,2.90422326545964,0.1672273000657314,0.2533868350834076,1.883527354866115,0.1037754014185915,[0 0 2 6]
32,55907,0.875,0.461,2.191922865467926,2.2487384998272493,0.414,0.0568156343593231,2.952739006145039,0.1359491101965743,0.224458312180738,1.7726456301596152,0.5492615246126473,[2 0 3 3]
36,55951,0.75,0.477,1.707624232943938,1.7180526625465695,0.273,0.0104284296026317,2.8587481968558253,0.123551559303364,0.1216107929584649,1.415476923624532,0.5843153334577305,[1 1 1 5]
37,55962,0.75,0.407,2.2408153363486663,2.2917741442096333,0.343,0.050958807860967,2.877653757443948,0.1379681879610206,0.1386072728730368,1.5133708353541253,0.7801527406561077,[1 4 1 2]
39,55984,1.0,0.496,0.9232539467201706,0.9917779522219268,0.504,0.0685240055017561,2.856967114699006,0.1329417142323556,0.1309976298507372,1.4677676381191174,0.2085367083130144,[0 0 0 8]
40,55995,1.0,0.434,0.5834064715703352,0.8399484183304611,0.5660000000000001,0.2565419467601258,2.9759973749320725,0.2024627433730096,0.4128974626390606,2.3345181124354437,0.0556287100125665,[0 2 1 5]
41,56006,0.75,0.508,0.7967576622009744,0.842261086995884,0.242,0.0455034247949095,2.970052179386448,0.1913758044121542,0.3371661748461552,2.1592544466820125,0.0811694118486012,[0 0 1 7]
44,56039,0.75,0.331,1.83449834981209,1.913602913682766,0.419,0.0791045638706762,3.0632289373728927,0.1456587102789775,0.2311020948729832,1.8802357857339416,0.3914670055019175,[1 0 0 7]
46,56061,0.75,0.364,1.8717629603762969,1.9339139212684573,0.386,0.0621509608921606,2.9255493850214567,0.1260250951159142,0.1862878425417921,1.6349422665046824,0.5186155184914828,[0 2 0 6]
53,56138,0.75,0.381,0.6601354039328844,0.786296823542344,0.369,0.1261614196094596,2.971719264616195,0.1738728131976578,0.3053657118783079,2.057233752681671,0.0561343661977331,[0 2 1 5]
57,56182,0.75,0.463,3.3202249336191656,3.3575800905076285,0.287,0.0373551568884629,2.985734758361839,0.1273205432848172,0.2759446873903223,1.8960361504016192,0.7912146931263194,[0 1 2 5]
58,56193,0.75,0.485,1.9703231007116595,1.9959341418781384,0.265,0.0256110411664787,2.955142168698924,0.1183435975176002,0.2996956813055024,1.9106754527726235,0.3946296595728421,[0 0 3 5]
60,56215,0.75,0.413,3.327765258174662,3.366208387608951,0.337,0.038443129434289,2.9624574755054702,0.1101318473981437,0.3261408838986377,1.9567311527655304,0.7362623711571386,[0 0 2 6]
61,56226,0.75,0.273,1.406087457756097,1.5350114997602269,0.477,0.12892404200413,2.950532829230111,0.1383438328722483,0.3167660625505279,1.990483539161084,0.2405628747403406,[1 1 3 3]
63,56248,0.875,0.379,3.989274423277055,4.134022576054125,0.496,0.1447481527770699,2.9777155089358427,0.1211690400618985,0.2967214460660169,1.92492780075874,0.9653414328590832,[0 1 3 4]
67,56292,0.875,0.359,4.423717834588411,4.504853890877357,0.516,0.0811360562889467,2.927621262978612,0.1274042305633825,0.3098936794816827,1.9359921570920275,1.056601221687567,[0 0 1 7]
71,56336,0.75,0.437,3.2683107769565938,3.296895590637891,0.313,0.0285848136812973,2.938919954650747,0.1072201881900067,0.3245583090556935,1.9311600247409504,0.7334354357302542,[1 0 2 5]
73,56358,0.75,0.425,1.2662273250979967,1.3412275719272024,0.325,0.0750002468292057,2.9581408210586764,0.1236492765931913,0.1491345948023473,1.5449989510210658,0.3405597145471452,[1 1 1 5]
74,56369,0.75,0.453,1.9914135228055057,2.0010562083583268,0.297,0.0096426855528211,2.912361227683828,0.1332795427381385,0.2164033648481043,1.7221954716437915,0.4921516880227439,[1 0 3 4]
78,56413,0.875,0.264,2.0744128340568677,2.214415996221921,0.611,0.1400031621650539,2.8485529461067163,0.1359796350403243,0.101219063972345,1.387332139540172,0.8562183009733286,[0 3 2 3]
81,56446,0.875,0.557,1.3904220456372798,1.410754152623846,0.3179999999999999,0.0203321069865662,2.8850908493702576,0.1304680856936937,0.1872749478432152,1.6262882045031974,0.3331598324561335,[1 1 1 5]
87,56512,0.875,0.389,3.4899729016333523,3.554586249577115,0.486,0.0646133479437627,2.959295240284024,0.1782535328167934,0.3839114044456743,2.2188102987018645,0.6104397624493516,[0 0 3 5]
90,56545,0.875,0.47,3.5710353250305085,3.645586708194543,0.405,0.0745513831640343,2.9314781272545414,0.1617821101993696,0.2400207814757795,1.8582031291662489,0.917811710900498,[1 1 2 4]
91,56556,1.0,0.53,1.1178992734897817,1.267287495038599,0.47,0.1493882215488173,2.9201577587777763,0.1280523225925931,0.3544270553694742,2.02836305772619,0.1804553904510438,[0 1 3 4]
92,56567,0.75,0.351,2.9225854789224863,3.0547180944559598,0.399,0.132132615533473,3.009799737128868,0.1280135321536676,0.4548854069832454,2.2979164408438666,0.4704500381667093,[0 4 2 2]
95,56600,1.0,0.494,1.9220082670245635,1.9900755879659728,0.506,0.0680673209414093,2.9423470266535183,0.1454264439610127,0.2171355340147236,1.771678936110085,0.4742385873054061,[1 0 0 7]
96,56611,0.75,0.283,1.167178149319701,1.2243749529295822,0.467,0.0571968036098811,2.9798058487606207,0.1558316237212789,0.1754844777937128,1.71517816590856,0.2278802175129079,[0 3 0 5]
97,56622,0.875,0.486,0.5963171239376105,0.694898616497295,0.389,0.0985814925596845,2.9839094589676582,0.1596892345577477,0.3518147745858407,2.134077378169551,0.0337802253229184,[0 2 2 4]
98,56633,0.75,0.403,0.3821612476542569,0.5883924461448791,0.347,0.2062311984906221,2.9591310143357026,0.5625382092387067,0.2005496666750307,2.584945973185197,0.0088967927231086,[1 2 1 4]
100,56655,0.75,0.364,1.603553208210433,1.637217508515437,0.386,0.0336643003050043,2.852262912601625,0.1527118367130283,0.153591240725143,1.5785750525189368,0.4412600623950378,[0 0 2 6]
102,56677,0.875,0.56,1.2377818092670965,1.2960203869449356,0.3149999999999999,0.0582385776778391,3.1022377455063186,0.1590156314735876,0.3506507659918624,2.214716179261355,0.1587534572361862,[0 1 1 6]
103,56688,0.75,0.444,0.586521755729886,0.6734327535580235,0.306,0.0869109978281374,2.927062466591393,0.1716189619017483,0.277429797032887,1.9614567709942916,0.0475427776571854,[0 1 2 5]
104,56699,0.75,0.586,3.5017605864928147,3.510051247378253,0.164,0.008290660885438,2.9661167309029386,0.1291455496999491,0.2390011675875542,1.799694149080919,0.915073165764526,[1 0 2 5]
106,56721,0.75,0.402,2.2126500832064253,2.2167141755517767,0.348,0.0040640923453514,2.9007371658366115,0.1750713088508711,0.1096950509963441,1.54793500420591,0.6994771857599373,[1 2 1 4]
107,56732,0.75,0.481,1.6878177765031797,1.721535714050237,0.269,0.0337179375470573,2.951302827503963,0.1989890516417551,0.2502536535378533,1.978127546517228,0.3060562532896593,[0 2 0 6]
108,56743,0.75,0.532,1.5335165615781667,1.5796254237244436,0.2179999999999999,0.0461088621462768,2.970560486573043,0.1657272891416239,0.3622975943641789,2.158567304692165,0.2250703425661195,[1 1 2 4]
109,56754,0.75,0.436,0.8287987470347256,0.8689373524238363,0.314,0.0401386053891107,2.871484955235247,0.1500675262807085,0.1366072806368901,1.5374510928707914,0.1429501889157877,[0 0 1 7]
110,56765,0.75,0.329,2.1490486142192244,2.163170785649796,0.421,0.0141221714305714,2.925605947781442,0.1069355774163846,0.1482637247979646,1.47793580807768,0.7327327502584434,[0 0 5 3]
111,56776,0.875,0.513,2.6013248103239417,2.6571125528059305,0.362,0.0557877424819888,2.9132255557002007,0.1700515862339567,0.1591629579774097,1.6715278532463838,0.7607423394427142,[0 1 3 4]
112,56787,0.75,0.259,0.5660860721375316,0.7430637790412841,0.491,0.1769777069037524,2.963243902388528,0.201139742232939,0.4713626737623018,2.430045043872055,0.0266085791180938,[1 3 4 0]
113,56798,0.75,0.248,1.2717293661563849,1.4257643438209993,0.502,0.1540349776646146,2.9567221841955726,0.1306716202058265,0.269638086370204,1.8707190993080671,0.2444205704304874,[0 5 1 2]
114,56809,0.875,0.441,1.1574722860662137,1.2110397448181467,0.434,0.053567458751933,2.8963842755679385,0.1532324783501427,0.1356554188415483,1.5567570991599775,0.2879245931117974,[0 1 2 5]
115,56820,1.0,0.361,4.029419154208271,4.167830971532565,0.639,0.138411817324294,2.967686431664818,0.1819383365848756,0.4376558204441437,2.3359937037687284,0.6685692031916883,[2 3 0 3]
116,56831,0.75,0.475,0.7190385080268806,0.7915432586053395,0.275,0.0725047505784588,2.980086962479912,0.1825724494989328,0.3486582257479901,2.1720534586920883,0.0590782371862384,[0 1 2 5]
119,56864,0.875,0.498,1.2795006264692073,1.344887504205393,0.377,0.0653868777361856,2.925299665708267,0.134834756095093,0.2978957712287767,1.924328130158432,0.2234235154627913,[1 0 2 5]
120,56875,0.875,0.542,2.8071030872758613,2.841524664739704,0.3329999999999999,0.0344215774638425,2.8863507976701266,0.1479305668919256,0.2001867672162051,1.7029893703660437,0.7975860063769209,[0 1 1 6]
121,56886,0.75,0.4,1.9706459898191195,2.0508528149039407,0.35,0.0802068250848211,2.958107468751028,0.1317357384390407,0.3403620295515166,2.0324970388755657,0.3647275132838436,[0 1 1 6]
125,56930,0.75,0.453,0.630834898742776,0.6723187776150997,0.297,0.0414838788723237,2.970272502187239,0.1356797674799905,0.4160243179018285,2.2062229331366936,0.0268025039432095,[1 1 1 5]
126,56941,0.75,0.28,0.472997437182172,0.6362355154868209,0.47,0.1632380783046488,2.96426185005112,0.504634598943563,0.6285644167775482,3.155510713435503,0.0083713320196448,[0 5 0 3]
131,56996,0.875,0.377,2.066296680493173,2.104126303492865,0.498,0.0378296229996921,2.974819187352761,0.1414247349117256,0.152815791071445,1.6136591990161122,0.5965092233753536,[0 1 0 7]
133,57018,0.75,0.5,0.2508098999008355,0.4366038010713359,0.25,0.1857939011705004,3.026543032561675,0.9960696429975152,0.4798927188667275,3.676922656587979,2.332937914031495e-05,[0 1 2 5]
138,57073,0.875,0.586,0.6360705286768371,0.7041549230287063,0.289,0.0680843943518691,2.9630667261109638,0.1770415901247803,0.5674333533394591,2.556621720695025,0.0321571980221324,[0 1 1 6]
142,57117,0.75,0.317,2.0509611360551423,2.1266022096327952,0.433,0.0756410735776529,2.8818663006675846,0.1994697172905335,0.1915590429532254,1.8020970639315173,0.4945040379233489,[0 1 2 5]
143,57128,0.875,0.436,1.887927023207381,1.924662553402452,0.439,0.0367355301950711,2.891024968455067,0.1327165225986926,0.2206601513059952,1.7185840698192048,0.4776384081599563,[1 1 4 2]
146,57161,0.75,0.512,0.4415181360259191,0.5640158694538189,0.238,0.1224977334278997,2.978595408730924,0.4444610582120442,0.5717528533217522,3.0026456548069382,0.012840087093421,[0 3 1 4]
147,57172,0.75,0.575,0.5396302592589329,0.5955099369808656,0.175,0.0558796777219327,2.91542079891704,0.2917485327068573,0.2400246898693021,2.126005971796032,0.0247769489178324,[0 2 2 4]
148,57183,0.75,0.271,1.556282595840113,1.615504184348743,0.479,0.05922158850863,3.0075616668534524,0.1462002388505664,0.3908885925409454,2.204132009091934,0.217940461265592,[0 1 1 6]
149,57194,0.875,0.371,1.0181443511159805,1.1576227720814782,0.504,0.1394784209654977,2.9675117099473685,0.1679671372876552,0.2508332847392817,1.920419011561608,0.163183170393784,[0 0 0 8]
158,57293,0.875,0.403,2.83064403862682,2.845921104091285,0.472,0.0152770654644651,2.956187682348904,0.1966452131648223,0.3131923872473242,2.1108041229262797,0.5141439661264645,[0 0 3 5]
161,57326,0.875,0.41,2.3303161920715363,2.3994023657261643,0.465,0.0690861736546279,2.955130256519616,0.1117842484011219,0.1955645976180018,1.638296192525517,0.6847293757005386,[0 1 3 4]
163,57348,0.75,0.42,1.0217697378073205,1.0480887346523624,0.33,0.0263189968450419,2.881170006805899,0.1540842222274619,0.1228175912201629,1.5161137450968405,0.2185074087275853,[0 3 2 3]
165,57370,0.75,0.238,1.5786177346158108,1.668714910594491,0.512,0.0900971759786801,2.953111840650525,0.1523061129259939,0.2037594188345175,1.7621580665142746,0.3610572444766069,[0 1 4 3]
167,57392,0.875,0.465,1.05508298440577,1.0973569113027808,0.41,0.0422739268970107,2.976262106122856,0.1826321465532916,0.3689268006659635,2.2103810158132013,0.1144001873948653,[0 1 1 6]
168,57403,0.75,0.438,3.659293070838982,3.7104525946451847,0.312,0.0511595238062025,2.961800544782646,0.1152043713425753,0.4607969666538202,2.2478511779676684,0.6283788146884433,[0 0 1 7]
170,57425,0.875,0.411,0.4477826454404385,0.7021764606182912,0.464,0.2543938151778527,2.955565932299037,0.4540929249626493,0.3097797018160799,2.583158921288811,0.0201217850351849,[0 1 1 6]
175,57480,0.75,0.426,3.0370149873577024,3.076218181085037,0.324,0.0392031937273351,2.9706247927010594,0.1373436324391079,0.3236148155427064,2.016873643632533,0.6404800123497932,[1 1 3 3]
177,57502,0.75,0.383,2.687428602253785,2.750641062963633,0.367,0.0632124607098476,2.954922111322486,0.1318582328568404,0.2418268978048218,1.8063377009337904,0.6744553626496202,[1 1 4 2]
178,57513,0.875,0.377,0.6737048890047994,0.8145800697350787,0.498,0.1408751807302792,3.0020421918081386,0.1602481583650973,0.2013410930174414,1.8051967699146985,0.0761035098080485,[0 1 2 5]
180,57535,1.0,0.643,2.307814954546603,2.3596047210106903,0.357,0.0517897664640871,2.982848207049747,0.1431836073204604,0.5743664438273374,2.526720786439027,0.2898872773106862,[1 0 0 7]
183,57568,0.75,0.309,1.9336342136939084,1.9746126823091048,0.441,0.0409784686151968,2.9002726139494177,0.122745196933604,0.1864943084259307,1.612821509179649,0.5459069472575385,[1 0 0 7]
189,57634,0.75,0.328,1.336553663453703,1.4174862929927676,0.422,0.0809326295390646,2.9293635891609373,0.1670568078199533,0.2182013267297531,1.81823154360492,0.2660295433246459,[0 2 1 5]
190,57645,0.75,0.403,0.584135253363444,0.6541233651248182,0.347,0.0699881117613742,2.945756061075257,0.2973204843281474,0.287427739876982,2.252585248582484,0.0230988120246882,[1 1 1 5]
199,57744,0.75,0.558,1.207332311322921,1.2397201447547816,0.1919999999999999,0.0323878334318605,2.9249247636940687,0.140982455342557,0.2933227871797189,1.9275792178815327,0.1901140328871684,[0 1 1 6]
201,57766,0.75,0.372,1.2917998856616753,1.342130565904668,0.378,0.0503306802429928,2.841396645274936,0.1401751209938275,0.1115895711677886,1.4257036956156186,0.3943536381087169,[1 1 1 5]
207,57832,0.75,0.331,5.658058410598767,5.735362364083099,0.419,0.077303953484332,3.0539879767506237,0.1134667232233342,0.623176690569278,2.621174764276336,0.7540831184708522,[1 0 0 7]
215,57920,0.75,0.406,0.7220852290483986,0.7561663849765368,0.344,0.0340811559281382,2.927603829629642,0.1497860085363621,0.2101332829892651,1.7563653847084566,0.0681976249580167,[1 0 2 5]
220,57975,0.75,0.31,1.7231136161220872,1.889155979995977,0.44,0.1660423638738897,2.960655114367301,0.1236967078125507,0.2674209520103459,1.851575955451955,0.3804618435153812,[0 2 1 5]
221,57986,0.75,0.47,1.3088135294109136,1.419774262303913,0.28,0.1109607328929993,2.944021316605816,0.1433208508558608,0.298968115869779,1.957915763959671,0.2301086884582187,[0 2 1 5]
223,58008,0.75,0.471,0.9165241859991778,0.9292241188993856,0.279,0.0126999329002078,2.946215512781452,0.1297654322495958,0.1315116499167679,1.5059660125523908,0.1740518778935595,[1 0 2 5]
225,58030,0.75,0.411,2.3402931137671663,2.4200904958517344,0.339,0.0797973820845681,2.971390815214812,0.1109994752077264,0.3372895126520145,1.98947649239904,0.4914047701424184,[0 0 3 5]
228,58063,0.75,0.313,1.1484262576601227,1.1921091145556035,0.437,0.0436828568954807,2.944374766311194,0.1464817577086462,0.259679105823054,1.876472153664316,0.1778799150185595,[0 4 0 4]
229,58074,0.875,0.407,1.5539243220953698,1.6108565240965858,0.468,0.0569322020012159,2.8394473575905907,0.1707753615846791,0.128932888366737,1.5544729542463869,0.4415991463264626,[0 1 1 6]
232,58107,0.75,0.383,1.907728757873726,2.0203994363319304,0.367,0.1126706784582043,3.017184134432971,0.1294292550110248,0.2788381833044944,1.927854205905295,0.3876930665760835,[0 1 1 6]
235,58140,0.875,0.551,2.917320970258361,2.9825292611500287,0.3239999999999999,0.0652082908916678,3.0217759120076377,0.2394259565477347,0.2519119406989685,2.118128902547128,0.5691831609393347,[1 1 0 6]
236,58151,0.75,0.394,1.8297178169902424,1.8788403556103972,0.356,0.049122538620155,2.884770065358754,0.139909485254515,0.142372306257412,1.532684040945712,0.5697823410104624,[0 0 3 5]
237,58162,0.75,0.471,0.6595296852924013,0.7371050281278391,0.279,0.0775753428354377,2.9596790671079125,0.1688539748959023,0.2487023463151793,1.912503119523839,0.0559708864216003,[1 1 0 6]
240,58195,0.75,0.428,3.203555735569815,3.2862306174323543,0.322,0.0826748818625393,2.9797281691109063,0.1662260629293698,0.6368996062726924,2.670351306197911,0.389272981133742,[0 2 1 5]
242,58217,0.75,0.572,2.9735767946003766,3.033446561132517,0.178,0.0598697665321408,2.9825895762586567,0.1860724624056049,0.3778354449069409,2.239739905766564,0.5092337903409587,[0 1 2 5]
246,58261,0.75,0.331,0.7429087796396652,0.8639712681202296,0.419,0.1210624884805644,2.943346133847134,0.1535340376646576,0.1887426032597458,1.7219873954643552,0.1033956050110411,[0 3 2 3]
