iteration,seed,accuracy_train,accuracy_test,loss_train,loss_test,gen_error_accuracy,gen_error_loss,beta,frobenius1,frobenius2,bound,regularization,n_per_Phase
1,11122,0.75,0.415,3.622357941031324,3.6413686712940367,0.335,0.0190107302627127,2.408980725754648,21.213644276274568,1.629892712643554,51.25387460880064,1.2810461588469015,[1 1 2 4]
4,11155,0.875,0.567,14.110446744730195,14.121233649473783,0.308,0.0107869047435897,2.164185087033489,22.293870233551928,1.5792918125747426,48.368970838329055,6.269644696061319,[0 2 3 3]
12,11243,0.75,0.347,10.59767668111507,10.613987596900902,0.403,0.0163109157858318,2.22990422969027,20.238671747683505,1.6920236715591712,45.28774520700228,4.510511289486025,[1 0 1 6]
14,11265,0.75,0.367,6.009589227287939,6.032553152843444,0.383,0.0229639255555049,1.7983199071317424,19.84588933565231,1.958711460749014,35.86265964884511,3.04290314036274,[1 1 1 5]
15,11276,0.75,0.33,23.474116855416824,23.5375148776407,0.42,0.0633980222238754,2.9219660625872304,21.907977767851524,1.9439252597528107,64.26587431414679,7.869301627171255,[1 1 0 6]
18,11309,0.75,0.322,2.637267027242448,2.6619456275915243,0.428,0.0246786003490764,1.80343991836036,21.488531459514626,1.3969004661994766,38.835072496564,1.1642463532382985,[1 0 1 6]
20,11331,0.75,0.501,5.480939960107524,5.492879068387566,0.249,0.0119391082800417,2.2702835088039763,13.295241289727391,1.3793772513610365,30.345982333553422,2.1770632891630446,[0 0 1 7]
21,11342,0.875,0.449,3.158399668895946,3.164854319540761,0.426,0.006454650644815,1.394425213183662,21.66039140178161,0.969862329431818,30.23405817493644,1.868985980036077,[0 0 0 8]
23,11364,0.875,0.426,8.673866564037045,8.69476816036088,0.449,0.020901596323835,3.163403290575042,21.038623292138432,1.9133577566057345,66.82831581600122,2.5725583418372104,[1 1 2 4]
28,11419,0.875,0.412,0.2938433187183326,0.5415798972520673,0.463,0.2477365785337347,20.96678200183005,22.348656210863997,3.766297704166983,475.1867700131273,0.0011555243774776,[0 2 2 4]
32,11463,0.75,0.433,3.0956831546684302,3.100669942476488,0.317,0.0049867878080576,1.4614338361439012,22.157525387190223,0.5236031797136586,32.39079739703519,1.7394469892994688,[0 2 2 4]
36,11507,0.75,0.403,2.4441868859659137,2.4572311207859925,0.347,0.0130442348200787,1.9515519788126612,20.762627644127388,1.6486564512906243,40.64688670349331,0.9766693696683636,[0 1 0 7]
45,11606,0.75,0.471,8.938976152596119,8.948108872643365,0.279,0.0091327200472459,2.125887288930583,21.592078594602484,1.1526313761635258,45.96768174654698,3.947275676895926,[1 4 1 2]
46,11617,0.75,0.491,17.336366016521183,17.353744288549347,0.259,0.0173782720281643,1.8610077866017096,21.517447425159933,1.2861173425919896,40.11560350069812,9.029961071543257,[2 0 3 3]
52,11683,0.75,0.504,9.189909800886667,9.241504277381242,0.246,0.0515944764945732,2.1990638854921074,20.932880530866527,2.220519992020477,46.29101020352302,3.957741655839964,[0 2 0 6]
54,11705,0.875,0.526,9.049136665841894,9.082751498117108,0.349,0.0336148322752141,2.885903001381067,21.690770164694094,2.44811889638585,62.99489295999874,2.9593239535825955,[1 1 0 6]
57,11738,0.75,0.407,7.462822728415139,7.504331151439583,0.343,0.0415084230244442,1.8664737879859856,21.970636513289005,1.1070016725763658,41.05963716856224,3.722697889103792,[0 1 0 7]
59,11760,0.75,0.45,3.2619741264729702,3.3059317718599184,0.3,0.0439576453869481,2.573259598040613,22.352068239220568,2.264375662692171,57.81206399716224,1.070295649675294,[1 1 0 6]
65,11826,0.75,0.416,3.944044632368661,3.95195478693292,0.334,0.0079101545642581,2.1357629134574863,21.66479151672349,1.5739372334967707,46.39280533709488,1.592081140037488,[0 1 1 6]
67,11848,0.75,0.52,15.802282718542184,15.819270936812837,0.2299999999999999,0.0169882182706508,2.252844786323844,22.251653205250904,1.937758232132197,50.31924266331803,6.779881690619141,[0 1 2 5]
75,11936,0.75,0.419,2.3755595943201637,2.4002863623562507,0.331,0.0247267680360874,1.7792068783904624,21.24651143473411,1.240395983246244,37.866305792977904,1.0376821879217653,[0 2 1 5]
80,11991,0.875,0.355,7.408675180094215,7.5073457430835155,0.52,0.0986705629893007,3.9526899228116448,15.772703907302992,3.013205344479439,63.47207705917271,1.762078479284175,[0 0 1 7]
82,12013,0.75,0.509,2.061198177770985,2.074149827728327,0.241,0.0129516499573418,2.0402439590410397,19.64772032387053,1.8271530557385889,40.25910595849885,0.7480647997905658,[0 1 2 5]
92,12123,0.75,0.502,0.4381820390969652,0.5762686966728424,0.248,0.1380866575758771,8.997916094255709,19.28935189697837,5.338588588425789,180.08866005054537,0.0056810131094667,[1 1 1 5]
100,12211,0.75,0.535,3.290986853405169,3.2917433225449075,0.2149999999999999,0.0007564691397385,1.335131648431023,18.627832375031343,0.2345547966602792,24.872580074701094,2.047861291875954,[1 2 2 3]
101,12222,0.875,0.322,2.002638430189857,2.027973208997726,0.5529999999999999,0.0253347788078688,1.839184434597069,21.898850306698517,1.4037537468517012,40.35868747122749,0.7980659054757242,[0 1 1 6]
102,12233,0.75,0.53,0.8743765124433616,0.8895094692847161,0.2199999999999999,0.0151329568413545,2.4656571120097874,18.867198499359425,2.378314735962122,46.88818713799979,0.1414267222998581,[1 1 1 5]
104,12255,0.875,0.427,13.644929468415778,13.687348650349248,0.448,0.0424191819334698,2.6296326753359858,21.738247568126543,2.0614335493838207,57.42005814396165,4.995571923817053,[0 0 0 8]
108,12299,0.875,0.462,8.872063263285439,8.912477414690397,0.413,0.040414151404958,2.6748315309231363,20.07050961912642,2.125536473101924,53.98544707577791,3.128264029335071,[0 0 3 5]
115,12376,0.875,0.52,0.4237995512269888,0.5593761326906732,0.355,0.1355765814636844,8.368502585923514,21.58495352638993,4.557644136766178,184.6165147202731,0.0072396451374909,[0 2 1 5]
117,12398,0.75,0.452,7.495760238474362,7.528744767450145,0.298,0.032984528975783,2.789341320226196,20.83700909672705,1.7627810551314365,58.32914514283065,2.5034459892919165,[0 0 1 7]
123,12464,0.875,0.362,6.552846285427139,6.571789787302426,0.513,0.0189435018752863,1.0783730150749573,15.609197797058632,0.3621647782282646,16.837067839599012,5.575234332652775,[0 0 1 7]
129,12530,0.875,0.493,10.189356088681723,10.224300453835198,0.382,0.0349443651534731,2.434341253593747,21.601749453226127,1.2448309796716728,52.67327136128132,3.973765241335277,[0 0 1 7]
134,12585,0.75,0.309,2.8834262108063964,2.930050193667097,0.441,0.0466239828607011,2.577033644801177,21.65884398452616,2.577504594319863,56.20941361206285,0.9219012458018117,[0 2 2 4]
136,12607,0.75,0.566,14.756632269786792,14.766522547751324,0.184,0.0098902779645335,1.5088296931615095,22.297786006445453,0.6750107014773952,33.65897402049232,9.420591972592607,[1 0 1 6]
137,12618,0.75,0.369,15.698169427593578,15.715594739941444,0.381,0.0174253123478642,2.080272473963301,21.912294489790703,1.6607598853292018,45.71427862555741,7.286184217592294,[1 2 2 3]
139,12640,0.875,0.624,5.864726264078802,5.893649830908321,0.251,0.0289235668295191,2.343647713224605,22.362731529393464,2.529898362590457,52.744683321793005,2.287421267755014,[0 0 1 7]
143,12684,0.875,0.459,1.9485853699736,1.989241681124238,0.416,0.0406563111506381,1.4876960661684504,21.97699308023767,0.8696538852869187,32.72067430345151,0.967531133234502,[0 1 0 7]
13,22365,0.875,0.411,4.107130888864362,4.146885166888681,0.464,0.0397542780243185,2.483081980964493,15.891513347976227,2.1485523707505085,39.818948676330415,1.4453399508843312,[0 0 2 6]
15,22387,0.875,0.353,9.359414063942,9.372242987173443,0.522,0.012828923231444,3.157956466329491,21.097712700460946,2.6464677554287226,67.14778456826797,2.797406830692573,[0 2 2 4]
31,22563,0.75,0.353,14.522670775922332,14.560932760497764,0.397,0.0382619845754312,2.134784518680678,20.486032652796656,1.417284856099603,43.83780036216768,6.55918355974131,[0 1 2 5]
32,22574,0.75,0.547,7.944237612183947,7.960106211374411,0.2029999999999999,0.0158685991904636,2.499891231559423,22.276766906373524,1.1906699231421636,55.76898414439034,2.970684725318227,[0 2 1 5]
33,22585,0.75,0.5,3.578417130112844,3.629840714620522,0.25,0.0514235845076784,2.124806537296925,20.607486714021228,1.8306645717488244,43.95935836160734,1.4520828360947569,[0 0 1 7]
36,22618,0.75,0.231,1.9265759144531749,2.0013225275559745,0.519,0.0747466131027996,2.211836257643133,21.8481490738434,1.4372104425567176,48.428971440978096,0.6520982090471988,[0 5 0 3]
46,22728,0.875,0.396,10.432062273330938,10.461455807007791,0.479,0.0293935336768544,1.6398121062306696,21.629766778582244,1.1345313091326017,35.51751152386712,6.042473655402504,[0 1 2 5]
48,22750,0.75,0.483,3.698666181424583,3.7413779930487374,0.267,0.0427118116241547,1.992531520403682,22.26056387875265,1.6336390390149536,44.47415520547559,1.6092109339838347,[0 1 1 6]
50,22772,0.75,0.45,6.9328409376032285,7.004549734223713,0.3,0.0717087966204843,2.1222458766946253,20.83678493999094,1.5019411045361972,44.3355111300014,3.0448757475166204,[0 0 0 8]
52,22794,0.875,0.435,4.653824007028002,4.6710988333409045,0.44,0.0172748263129021,2.657593265604501,21.659906645296743,2.429993322357211,57.92434238788137,1.549701323860267,[0 2 3 3]
56,22838,0.75,0.282,8.453164772585286,8.478127749617856,0.468,0.0249629770325707,1.3982571971739697,19.45962715563024,0.5902398504073522,27.22207725226021,5.660397406000297,[1 0 1 6]
58,22860,0.75,0.242,5.0426146935589,5.070187956716151,0.508,0.0275732631572509,1.76285761430591,21.573561646893644,0.8014864437873789,38.05735404230914,2.560875537292941,[1 2 0 5]
64,22926,0.875,0.458,5.3642196088825465,5.388315880516305,0.417,0.0240962716337582,2.3926252021353216,19.454234709350445,1.9535181660444323,46.7807778874319,2.0209493802976297,[0 0 1 7]
65,22937,0.875,0.518,9.85864229415924,9.87792264719794,0.357,0.0192803530387006,2.52571638844163,21.15193007425482,2.608962492145677,53.82862983565951,3.694800052764264,[0 1 1 6]
69,22981,0.75,0.425,2.327746270759654,2.358899595318537,0.325,0.031153324558883,1.8984179149775429,22.398975533939144,1.16837914007161,42.5804268535714,0.9583340682275496,[0 1 2 5]
71,23003,0.75,0.332,14.731593244317814,14.751261851176803,0.418,0.0196686068589908,1.996170751032372,19.959753961993076,1.7200680368280254,39.99074957476267,7.108893915702382,[0 0 4 4]
74,23036,0.75,0.611,3.379395853243798,3.3842850714772457,0.139,0.0048892182334476,1.5323071216280706,21.909233019244294,0.6369840045876335,33.58585958886519,1.8494331358352447,[1 1 1 5]
75,23047,0.75,0.565,6.1018304882538175,6.100880593735568,0.185,0.0009498945182491,2.340371364604156,22.01810030376896,1.6082441627366726,51.66780940982268,2.3749073377841152,[1 1 1 5]
89,23201,0.75,0.326,12.793075127061972,12.827022393022656,0.424,0.033947265960684,2.3152034233841965,18.549944320995795,2.0305198952044488,43.20342327522356,5.301389292597873,[0 2 0 6]
91,23223,0.875,0.263,4.535442523252511,4.547847712783222,0.612,0.0124051895307104,1.9191203862460888,15.95144541289049,0.9589557721440578,30.668012556018592,2.077661388345569,[1 3 1 3]
98,23300,0.75,0.368,4.789073798682738,4.818028358620321,0.382,0.0289545599375831,2.31443394805335,20.577106522988316,1.7752565150373336,47.80126163266764,1.843342632759708,[0 2 3 3]
99,23311,0.75,0.402,6.682270086508441,6.706045167160649,0.348,0.0237750806522081,1.5582297523257331,19.55565661853232,0.7847440886411311,30.49673105121569,3.9502293481632487,[0 2 4 2]
100,23322,0.75,0.307,2.9248161788513984,2.998151149640806,0.443,0.0733349707894075,2.110304651115532,21.7932269917368,1.5796370415061929,46.11100150863647,1.1533522124512805,[0 1 0 7]
102,23344,0.75,0.278,1.7777898136868768,1.839406475370093,0.472,0.0616166616832161,1.704895875108321,17.71422701957687,1.154297850538571,30.26496287353732,0.7539010288407744,[0 0 1 7]
106,23388,0.875,0.44,8.052355844336477,8.07120782693072,0.435,0.0188519825942439,1.7097783219088545,21.844714973272144,1.5761760104803624,37.44671775633692,4.395471000567043,[0 0 1 7]
109,23421,0.75,0.56,5.567661734923909,5.576851546536891,0.1899999999999999,0.0091898116129822,1.919169902578056,19.20622948650911,1.6726584516028145,36.99953700552749,2.618935908269465,[0 2 0 6]
110,23432,1.0,0.49,1.9504483604849647,1.981493118183916,0.51,0.0310447576989507,2.231302731585149,21.52655817367877,1.4751128378520495,48.14490878414979,0.6477544532172386,[1 3 0 4]
111,23443,0.875,0.527,1.5634952638027015,1.6146434221692725,0.348,0.0511481583665709,2.452363816966218,21.459700207804204,2.0680784432245867,52.8708073084164,0.4389053663326054,[0 0 1 7]
112,23454,0.75,0.416,4.615556423004401,4.623448800658816,0.334,0.0078923776544153,1.8724685982186944,20.86349983684379,1.3134082676787642,39.14358171683476,2.171149821363623,[0 3 2 3]
113,23465,0.75,0.567,15.49479678321137,15.516433408939465,0.183,0.0216366257280924,3.172538945671392,20.23586256727416,2.927575530465188,64.86743160339269,4.7223347830347215,[0 1 2 5]
116,23498,0.75,0.409,20.819922518787216,20.86241852001701,0.341,0.042496001229793,2.808459403530052,21.020201485992477,2.056014234235138,59.31610305367241,7.231399260238475,[0 2 4 2]
141,23773,0.75,0.407,10.061844174068227,10.088966528366626,0.343,0.0271223542983971,2.279408014404696,17.80803298829158,1.7895734383862605,40.79622110494065,4.183287143608372,[0 0 0 8]
146,23828,0.75,0.454,9.157558135619569,9.168474317150064,0.296,0.0109161815304972,1.70206644403617,20.49979738001252,0.5886076899727413,34.906397244612315,5.060562308105517,[0 1 2 5]
1,33344,0.875,0.485,3.23948764464798,3.255487876271368,0.39,0.016000231623388,2.0332023537229755,20.086494758140223,1.23580987086825,40.91713012334212,1.331425709239095,[0 0 1 7]
5,33388,0.75,0.378,3.216280717867132,3.2258755549026605,0.372,0.0095948370355287,2.3126961705753906,22.27229823174109,2.313270613555456,51.78614184286058,1.157125878348965,[0 0 3 5]
6,33399,0.75,0.361,18.308533256212844,18.34909026290889,0.389,0.0405570066960478,1.8674671647673229,20.456163018610287,1.264455768773178,38.27412355005224,9.525742458340227,[1 4 1 2]
7,33410,0.75,0.439,4.021602912618597,4.045161672262481,0.311,0.0235587596438833,1.8478147357738328,21.8723074330674,1.560244657331442,40.51867135584703,1.888152240227004,[0 2 0 6]
10,33443,0.75,0.381,7.489428120467874,7.527054595215652,0.369,0.0376264747477774,1.5208583505390785,21.743643769983244,1.0125986352482603,33.10484202072877,4.590056932389857,[0 0 4 4]
11,33454,0.75,0.315,11.458218331249672,11.46810805343507,0.435,0.0098897221853988,1.490455095853493,20.39768610345116,0.7002549776356504,30.41974506932845,7.317266547447504,[0 0 3 5]
27,33630,0.75,0.439,2.6839869906826253,2.6975830054893897,0.311,0.0135960148067644,1.9349415646740875,22.29333488433176,0.98073202797244,43.17802117282985,1.1089739710986677,[0 0 2 6]
35,33718,0.75,0.519,5.469585396223949,5.486022894751513,0.2309999999999999,0.0164374985275639,1.958888743451407,19.80409557772519,1.5770349884986763,38.91682617730625,2.523791424761353,[0 2 0 6]
37,33740,0.75,0.446,1.0214284704394454,1.0376678515092732,0.304,0.0162393810698278,1.7876444509805811,19.550149935381288,0.92371511327694,34.98770540862778,0.2693175510622499,[0 2 1 5]
44,33817,0.75,0.487,3.9379280407442514,3.9626806596927806,0.263,0.0247526189485292,2.2543112608903426,21.23662876597637,1.7279632665860267,48.03218732515376,1.5128644784934342,[0 1 2 5]
52,33905,0.75,0.27,0.9419512394307668,0.9582234692255532,0.48,0.0162722297947865,1.5704795859320744,22.12252066077008,1.4090398499708563,34.81336737831616,0.2551725040919838,[0 4 3 1]
53,33916,0.75,0.369,10.11449259053916,10.127014822401748,0.381,0.0125222318625866,1.843249208375183,21.74592205668748,0.9216090005911745,40.11913474379304,5.193898950651849,[0 2 3 3]
54,33927,0.75,0.459,9.49134978277804,9.50999319775138,0.291,0.0186434149733418,1.628472979362599,21.73814910079233,0.7462190750091712,35.420839716095024,5.499173754842104,[0 3 0 5]
58,33971,0.75,0.423,5.408853736206748,5.449095081105337,0.327,0.0402413448985896,1.6224896770476531,21.999784208069705,1.3111877147907811,35.75776278232233,3.024061719859988,[1 2 0 5]
60,33993,0.75,0.179,8.044061123667914,8.101180804563484,0.571,0.0571196808955694,2.040664204040953,15.76788397211547,1.591277702633215,32.3403964533526,3.695970464795498,[1 1 1 5]
64,34037,0.875,0.518,1.5929537581285536,1.6109363821281737,0.357,0.0179826239996201,1.7135724794574494,22.04671417250224,1.6489723707604265,37.88416618497378,0.6232575286636926,[0 2 0 6]
65,34048,0.875,0.6,0.2625253161020464,0.4312719650257742,0.275,0.1687466489237278,17.82871826981502,22.438019638816552,4.028615114504914,406.43787121839495,0.0012822661047049,[1 1 0 6]
71,34114,0.75,0.575,2.6008785199461464,2.645079341000797,0.175,0.0442008210546505,3.988401625801211,20.512529983175224,3.023106906794683,82.69593342965737,0.5324317951044506,[0 2 1 5]
77,34180,1.0,0.556,4.571703263667626,4.611290317163486,0.4439999999999999,0.0395870534958602,1.72980122943742,21.562286760357686,1.0686507783145311,37.34425022853965,2.3547960126422467,[0 0 0 8]
83,34246,0.75,0.384,4.964243540705228,4.986432453507798,0.366,0.0221889128025702,1.7353561653182168,21.94769916834856,1.5176385501442495,38.178022011952685,2.5496246488247785,[0 0 4 4]
90,34323,0.75,0.535,4.933106753762015,4.946851357962885,0.2149999999999999,0.0137446042008697,2.574184864726939,21.31341322439636,1.7557276358616316,55.050504420772654,1.7075266033022745,[0 2 0 6]
92,34345,0.75,0.478,9.256384306157322,9.265395995553666,0.272,0.0090116893963436,2.1706488396734964,20.719766067458423,2.501437944522296,45.30190919735114,4.01083057637212,[0 2 2 4]
93,34356,0.75,0.403,13.146515381975226,13.171434296164948,0.347,0.0249189141897225,1.909530289169138,19.61284170031552,1.529433599237859,37.56501478026644,6.608770186229327,[1 0 1 6]
95,34378,0.75,0.333,6.133792166655958,6.181375504844858,0.417,0.0475833381889003,2.2091798428989478,21.980071717388515,2.5945701391768003,48.89506168799816,2.5424346288451884,[2 0 2 4]
96,34389,0.75,0.52,3.066146976909728,3.086670228190302,0.2299999999999999,0.0205232512805744,2.346333384114376,22.15002033376904,2.1916012883822065,52.2251076454748,1.082600009028805,[0 2 1 5]
97,34400,0.75,0.339,3.831528388658014,3.844492509459639,0.411,0.0129641208016253,1.7408433388759916,21.87037665460622,1.2296215358949414,38.13302707421027,1.885130355095468,[0 3 2 3]
99,34422,0.75,0.384,6.636126237776836,6.654356514093922,0.366,0.0182302763170856,2.4501569820838203,20.951242700215865,1.66808205492372,51.4962770853948,2.4890040441514727,[0 2 1 5]
102,34455,0.75,0.502,3.710104160440136,3.712989199658295,0.248,0.0028850392181589,1.4233682980180546,22.232875388661668,0.2510213306885122,31.64758697031474,2.2169830389768967,[0 3 0 5]
104,34477,0.75,0.256,1.131505061860464,1.154320415869806,0.494,0.0228153540093418,1.9210988540379843,17.82058187061816,0.6351940055339157,34.25684007089685,0.3089227878441342,[0 5 0 3]
105,34488,0.75,0.522,1.7238897512515956,1.7347435850167157,0.2279999999999999,0.01085383376512,1.883575002235016,21.42090315958129,1.8026979303626756,40.490502223309285,0.6300510299041093,[0 1 1 6]
106,34499,0.75,0.405,2.7072757169637938,2.721000350445344,0.345,0.0137246334815501,1.771685475081456,21.06519877038576,0.7321439194359265,37.343441448816286,1.2227658023137316,[2 0 2 4]
108,34521,0.75,0.423,4.4495150784705615,4.480276488128754,0.327,0.0307614096581927,2.171146654277115,21.76273111670652,1.8812225080143417,47.42628538260051,1.8115547102826255,[0 0 0 8]
109,34532,0.875,0.551,1.3404987428055684,1.3550055397936167,0.3239999999999999,0.0145067969880483,1.5745050111545016,22.413389396745917,1.2595829891032646,35.34567627751628,0.523603642765563,[0 0 4 4]
113,34576,0.75,0.459,8.484506779851772,8.48726753299483,0.291,0.0027607531430575,2.043974448175192,21.4945290665789,0.4674181647606377,43.944654882440695,3.880374634802429,[0 2 0 6]
115,34598,0.875,0.506,7.473381844922815,7.47777366716963,0.369,0.0043918222468146,1.5751965481781287,22.18729693750129,0.9460060018939658,34.98110699788398,4.396004639557619,[0 0 1 7]
123,34686,0.75,0.357,0.9902981302184112,1.0105333098658231,0.393,0.020235179647412,1.9203863639085164,21.913861437481643,1.7410279729852494,42.21568800382493,0.2503088120699283,[0 1 2 5]
124,34697,0.875,0.604,6.8901502027814985,6.912978854103375,0.271,0.0228286513218769,2.88250821901836,21.371902098124117,2.6026157281236224,62.05979331348626,2.2112015180577798,[1 0 1 6]
2,44466,0.75,0.395,1.9768599007934031,1.9910333856712497,0.355,0.0141734848778467,1.3739702498858046,19.782417579852247,1.0245104349434824,27.21687908675794,1.0426666779009923,[0 2 2 4]
14,44598,0.875,0.416,8.15552890717013,8.173588483065911,0.459,0.0180595758957817,1.981640427896908,21.873153529456893,1.6804916525640006,43.47246231996569,3.8430653640326975,[1 1 1 5]
21,44675,0.875,0.5,7.216795638736619,7.262624987357906,0.375,0.0458293486212877,2.4574073148004136,19.71862051350813,1.8682434760501208,48.67368552295583,2.730459869870133,[0 1 1 6]
23,44697,0.75,0.352,2.0055866996955105,2.0237620303199804,0.398,0.0181753306244698,1.4542103261400297,20.79670393404679,0.6145317384061586,30.25598229904144,1.012037326277557,[1 0 2 5]
25,44719,0.75,0.351,2.2416358503921834,2.3402329191455755,0.399,0.0985970687533921,3.569839807896161,21.88754450570497,2.03381863269164,78.47162579713314,0.5010058537866474,[1 1 1 5]
26,44730,0.75,0.401,3.526566315128186,3.5491973870902638,0.349,0.0226310719620772,2.5011233787644302,21.57335837910169,1.8601522370220525,54.15783805312319,1.1976086630059777,[1 1 1 5]
30,44774,0.75,0.384,2.690635842215483,2.7013364654528558,0.366,0.0107006232373723,1.250758144105435,22.34082970422247,0.3951313302985485,27.947344815178838,1.7137875573545254,[1 1 0 6]
31,44785,0.75,0.402,0.530570495147023,0.6607574432351998,0.348,0.1301869480881767,4.869397662591764,17.40212155760266,4.367254035733257,87.36556293399781,0.0255910517020182,[0 1 3 4]
32,44796,0.75,0.382,5.819054171482984,5.863483006627624,0.368,0.0444288351446404,2.7999905318056664,19.841213731945736,2.46019289766335,55.98064922420655,1.9025717649843512,[0 1 1 6]
33,44807,1.0,0.505,22.579108747696587,22.62183360630896,0.495,0.0427248586123738,2.516775224203254,22.18148432908221,2.0876249563845097,56.07251082047166,8.776559278490742,[1 0 1 6]
36,44840,0.875,0.419,6.19080852566166,6.2126169343666096,0.456,0.0218084087049499,1.4510961804190463,21.71092851853516,0.7125322266069606,31.521607558829075,3.9007749274681487,[0 1 0 7]
40,44884,0.75,0.309,7.946008718461546,7.97411205507429,0.441,0.0281033366127436,2.2775200665291733,21.58602162780714,1.8719867842530988,49.34712058312377,3.2542810714169925,[0 2 0 6]
42,44906,0.75,0.384,7.2923831251282945,7.321433807788854,0.366,0.0290506826605598,2.764259654732682,19.583771107641684,2.4213838213267733,54.54684869427231,2.451326244877168,[0 1 0 7]
43,44917,0.75,0.366,4.123245726038585,4.145985766820975,0.384,0.0227400407823905,1.837381599415572,22.35247996811396,1.1070179323449014,41.12037234532063,1.955709146863532,[1 2 2 3]
47,44961,0.75,0.336,6.581470508067888,6.594899723946351,0.414,0.013429215878463,1.333423129850917,21.12313546827066,0.7271297290830253,28.18276043364077,4.526806299546687,[0 3 3 2]
53,45027,0.875,0.423,10.16093661267526,10.176227794715505,0.452,0.0152911820402454,1.6714094357031826,21.053606601148942,0.8987409408965269,35.22124448914419,5.758062498884889,[2 0 1 5]
66,45170,0.75,0.387,2.4364265514547454,2.469408215363351,0.363,0.0329816639086057,1.6024246692783009,21.632595352485577,1.5927418200953918,34.75843459886253,1.1974828592756157,[0 2 0 6]
67,45181,0.75,0.46,3.4476774317719205,3.4886587538130844,0.29,0.0409813220411638,3.4762650170855647,21.793988604759527,2.184409843681722,76.14128153351858,0.8536872671302901,[0 0 3 5]
71,45225,0.75,0.418,6.827501775231664,6.836100331064263,0.332,0.0085985558325996,1.5373858252921275,20.75032881783447,0.976157033235634,31.93654128210585,4.086647722021823,[0 1 3 4]
73,45247,0.75,0.354,2.1354558421914667,2.1397558572779536,0.396,0.0043000150864869,1.7090032884188289,22.22147802403928,1.6431529888526966,38.08026105364411,0.9249228884680596,[0 1 0 7]
76,45280,0.75,0.411,1.3410690859306151,1.3654267299219711,0.339,0.0243576439913559,1.3698109695976304,19.647764761094027,0.6166375879064301,26.92697536676512,0.5949759025004696,[0 2 0 6]
82,45346,0.75,0.513,2.389018674343581,2.3944523632615957,0.237,0.0054336889180142,1.4097225560171815,21.548064066325438,0.7378869936692068,30.394597193302268,1.3051631960604309,[1 2 0 5]
85,45379,0.75,0.328,12.22470479956981,12.242901017298516,0.422,0.0181962177287058,2.099112724216517,21.98532078434677,1.5612459425909984,46.26588345845575,5.565631061464205,[0 1 2 5]
87,45401,0.875,0.369,0.8489505056843855,0.9258084399833846,0.506,0.0768579342989991,3.138887820844772,20.84613345977972,2.773462256203006,66.01024914708383,0.118837859677435,[1 2 0 5]
89,45423,0.75,0.508,2.9275481995491024,2.949782938991329,0.242,0.022234739442227,2.743216007008862,20.99235560148245,2.290488599323703,57.9283393080749,0.8780423700502652,[0 4 1 3]
90,45434,0.875,0.418,2.903234554862548,2.9212953183419748,0.457,0.0180607634794274,1.78187396879682,22.381478115933284,0.7372799889667138,39.90260566991269,1.328178034627011,[0 0 0 8]
92,45456,0.75,0.327,20.220142407611178,20.300259648777423,0.423,0.0801172411662456,2.648136593128944,19.993466895902053,2.61550696055393,53.39654685351528,7.457197415484063,[0 0 3 5]
94,45478,0.75,0.418,7.440649321154368,7.464991238198317,0.332,0.0243419170439498,2.2564883977940275,22.378562849310367,1.8792764818160812,50.67470883901923,3.062348432639756,[0 0 1 7]
96,45500,0.75,0.342,8.695802385419185,8.755162299325166,0.408,0.0593599139059808,2.2941381564819574,20.05684150500861,1.878807448576176,46.21460366360081,3.5741856310270563,[3 3 0 2]
97,45511,0.75,0.396,12.490144406645836,12.525362944127616,0.354,0.0352185374817786,2.438190501135205,20.591587493154247,1.8685462607657977,50.412496407843534,4.908065873625534,[1 0 2 5]
101,45555,0.75,0.533,9.397299006739267,9.420695646789426,0.2169999999999999,0.0233966400501586,2.107703518505125,21.91348691325669,1.5598853800302657,46.30400380691237,4.211519592674319,[0 2 1 5]
104,45588,0.875,0.372,5.073263371541724,5.096397525943439,0.503,0.0231341544017142,2.24607174569395,18.873027025874173,1.564993518342209,42.535662545727305,2.0221843422005588,[0 0 2 6]
106,45610,0.875,0.491,28.164114617050444,28.19634166860647,0.384,0.0322270515560241,2.592278717642779,21.37038257800426,2.352142146850245,55.732534959383344,10.672646445587723,[1 2 0 5]
107,45621,0.75,0.344,14.029838651038755,14.12351041644776,0.406,0.0936717654090042,2.65597472510941,19.834744241320628,2.1739105694159435,52.99604518910285,5.114452473596396,[3 1 0 4]
108,45632,0.875,0.303,2.154479148429121,2.1808497347971683,0.5720000000000001,0.0263705863680474,1.854745689206384,19.777376141052205,1.3427219868419162,36.76644510368562,0.8741812545064024,[0 2 3 3]
120,45764,0.75,0.459,5.069613988369749,5.102742444398089,0.291,0.03312845602834,2.192308358689288,22.37781917970681,2.0417843880598645,49.26286520630771,2.0784512778948656,[1 1 0 6]
121,45775,0.875,0.525,13.82392368437135,13.841811160645731,0.35,0.0178874762743834,2.989324016053715,22.07793549045688,2.673908103322746,66.48037651308672,4.451317478411373,[1 0 1 6]
1,55566,0.75,0.422,9.053763946617996,9.068831418375732,0.328,0.015067471757737,1.9138552463006293,19.90665651688116,1.6886361638020864,38.235286630970506,4.446093745354508,[1 3 1 3]
2,55577,0.875,0.287,1.310076865695467,1.346360123823104,0.5880000000000001,0.0362832581276368,1.8156953095338908,17.44124653388012,1.1978303289460643,31.742585407628752,0.4319227428798265,[1 1 0 6]
4,55599,0.75,0.417,3.0155962707751987,3.0280963120892466,0.333,0.0125000413140479,1.7081939098512562,20.560023454375308,0.6716646052801742,35.13924266950361,1.44905041666465,[0 3 1 4]
6,55621,0.75,0.372,10.04352742828106,10.08626945745839,0.378,0.0427420291773295,2.212388771456665,22.06854771977446,1.7827421067636786,48.98325507970716,4.308532930115493,[0 1 0 7]
8,55643,0.75,0.344,7.628711548333752,7.639291236699002,0.406,0.01057968836525,1.8308130108604748,22.109546092829927,1.7912589116851725,40.61107410607666,3.871103180321412,[0 0 4 4]
9,55654,0.75,0.374,9.575552374152236,9.607326449619192,0.376,0.0317740754669557,1.89805050577568,21.657439996425538,1.4322877038514177,41.19671095892987,4.768678528177072,[1 1 1 5]
12,55687,0.75,0.394,6.794247626398109,6.829617993739827,0.356,0.0353703673417182,2.710033711773272,21.362994424741697,2.707410262061764,58.35751640997452,2.319950890998085,[0 2 2 4]
14,55709,0.875,0.224,7.084582947323108,7.127311678503242,0.651,0.0427287311801336,1.6719868617407427,18.795525512804087,0.8369499630198968,31.457012695486807,3.9223605479097983,[0 0 7 1]
15,55720,0.75,0.542,4.095349877518117,4.114008002653568,0.2079999999999999,0.0186581251354507,1.8970271128971288,20.80731655168087,1.8316599248745624,39.62468711495399,1.8821423540116824,[2 2 0 4]
16,55731,0.875,0.367,6.947227170435173,6.983323225306735,0.508,0.0360960548715612,2.090675638894941,22.37723310913298,1.5588612107705726,46.8969168539567,3.0786577018069945,[0 0 1 7]
17,55742,0.875,0.603,6.174758280249119,6.185793954338391,0.272,0.011035674089272,1.7991831728317913,22.399453198396586,0.7523462190109859,40.323445171449535,3.136353066608168,[0 1 2 5]
19,55764,0.875,0.446,1.399597936745364,1.4392661089233796,0.429,0.0396681721780156,1.498577767832681,21.13280219209158,0.7074009264335421,31.686885422407887,0.5901779934026646,[0 3 1 4]
23,55808,0.75,0.451,6.619340277692389,6.657569675339774,0.299,0.0382293976473846,1.8727400661837503,18.15066163448749,1.3547089474682403,34.08601733959171,3.262461951054965,[0 2 0 6]
31,55896,0.75,0.625,3.094543138790361,3.106941950401375,0.125,0.0123988116110136,1.9776203989391703,22.31167370279968,1.4232884431647728,44.21370722069266,1.2993977561559835,[1 1 1 5]
36,55951,0.75,0.499,5.817817776047206,5.819211303416562,0.251,0.0013935273693563,1.124948060974905,18.289392981434798,0.1596717791034752,20.57540123437476,4.674522667661844,[1 1 1 5]
38,55973,0.875,0.481,7.793950236375747,7.815488371068078,0.394,0.0215381346923306,2.135141703999521,21.566611417401656,1.1878165170639463,46.11756005944034,3.407344365143838,[0 2 0 6]
39,55984,1.0,0.504,3.034672685647411,3.050085862328584,0.496,0.0154131766811729,1.4947963761057768,22.144804359077277,0.4032130466311304,33.107460032543614,1.6682936665041157,[0 0 0 8]
41,56006,0.875,0.608,1.8037175415977245,1.815375094642103,0.267,0.0116575530443785,1.9546859143740427,20.451251884921668,1.471566249602384,40.07912760688803,0.6493552947888098,[0 0 1 7]
54,56149,0.75,0.56,4.595101054479629,4.611201099810428,0.1899999999999999,0.0161000453307984,2.955063469714743,21.644707233294795,2.75295164363397,64.4767555460697,1.3833377256111454,[1 1 1 5]
55,56160,0.75,0.421,4.434245637955407,4.441942649796728,0.329,0.0076970118413211,1.6095654438116624,22.117232650129253,1.2256254022730264,35.65375070037369,2.4145676372436538,[2 1 1 4]
58,56193,0.75,0.41,8.066086996485023,8.091217400010603,0.34,0.0251304035255799,2.387935663307464,21.65670662638793,1.6098779737806537,51.8575100878232,3.157037276582737,[0 0 3 5]
60,56215,0.75,0.4,19.778229919905684,19.81774146956873,0.35,0.0395115496630467,3.269800372470882,21.574903814372902,2.2048702947245498,70.91306218647945,5.890098969257108,[0 0 2 6]
64,56259,0.75,0.376,2.999929334157085,3.0321007028015394,0.374,0.0321713686444544,2.013753648901268,15.411949343094602,1.6747883857960526,31.218579165235987,1.2290645588069034,[0 2 0 6]
65,56270,0.875,0.237,4.500545472610023,4.60655336378104,0.638,0.1060078911710169,2.107081830177008,20.800215592522264,1.5483651923025696,43.94901980483992,1.921025120091001,[0 3 0 5]
67,56292,0.875,0.441,17.279342159827294,17.350552735639262,0.434,0.0712105758119676,1.98907744968239,21.60648399374911,1.2638690733207294,43.05043343183589,8.452809773500539,[0 0 1 7]
73,56358,0.875,0.481,5.0239329084437125,5.04000676702011,0.394,0.016073858576397,1.6499638422910108,21.86105224473864,0.7970688436694889,36.09391314988629,2.7244777163771614,[1 1 1 5]
79,56424,0.875,0.433,5.278569656272065,5.28730178881988,0.442,0.0087321325478146,1.4140395457410655,20.27299143020881,0.8545349146123526,28.69226703041445,3.341858374074783,[1 0 3 4]
86,56501,0.75,0.5,2.178320121104921,2.1907028450286035,0.25,0.012382723923682,2.0330223530189784,22.29377659851227,1.2570737271095858,45.39574163563639,0.8117155514237657,[0 2 1 5]
90,56545,0.75,0.413,13.02502225509971,13.03752074673124,0.337,0.0124984916315291,1.7010413873277237,18.90113887880249,0.7862244874758877,32.17942318181206,7.342493687203984,[1 1 2 4]
91,56556,0.75,0.409,3.963913437760989,4.001864072899118,0.341,0.0379506351381291,2.3952234494222533,22.15219192545692,1.4652277258159778,53.17539010665621,1.443643123608351,[0 1 3 4]
92,56567,0.75,0.325,9.60029442055597,9.620078711512456,0.425,0.0197842909564869,2.4085079925566064,22.258184678759434,1.6091531309475946,53.74892827283158,3.763600305333674,[0 4 2 2]
95,56600,0.875,0.549,7.172214178502326,7.196204648822222,0.3259999999999999,0.0239904703198963,1.7517183656435389,22.100179265010595,1.0667835343887972,38.75836517286831,3.793908698443249,[1 0 0 7]
96,56611,0.875,0.403,2.59942275571174,2.6055877524840168,0.472,0.0061649967722767,1.1217467843934723,22.16478988661652,0.4013110006487263,24.867356783448145,1.823041740103264,[0 3 0 5]
97,56622,0.75,0.347,1.2665905000452602,1.3009605881396709,0.403,0.0343700880944106,2.7525464168367626,21.582595552414,2.770806716442188,59.894663741505695,0.2702418025833473,[0 2 2 4]
100,56655,0.75,0.552,8.477150445212411,8.51773436869931,0.1979999999999999,0.0405839234868992,2.2675467004302714,20.89734174676496,1.7039794424316437,47.54296757169031,3.5300804991603023,[0 0 2 6]
104,56699,0.75,0.33,16.762031065489886,16.838912473389012,0.42,0.0768814078991262,2.223280436416974,21.49506626082551,1.371948904743809,47.886803601028205,7.320585326116207,[1 0 2 5]
105,56710,0.75,0.429,9.819230785544551,9.832730130034436,0.321,0.0134993444898832,2.09943478343232,19.68303954290528,1.650346595257554,41.468258281298255,4.42109124420768,[0 3 2 3]
109,56754,0.875,0.512,2.102254230313591,2.111571464927358,0.363,0.0093172346137668,1.3627524149203163,22.227315602333555,0.9118778951311056,30.31580750271169,1.1436015113263025,[0 0 1 7]
110,56765,0.75,0.259,14.318604807780542,14.347355081258131,0.491,0.0287502734775912,2.3527348453057924,20.90890948236193,1.671857244281884,49.350126363963504,5.861862002067547,[0 0 5 3]
117,56842,0.875,0.37,8.191757298262932,8.211713045863501,0.505,0.0199557476005693,2.522391233479475,21.61553051194253,1.6487277567520018,54.68119876894942,3.037303251416967,[0 3 3 2]
119,56864,0.75,0.496,4.461431253374222,4.468069917423237,0.254,0.0066386640490145,2.193845410462491,22.3170303141572,1.1091810162898073,49.02054786026125,1.7873881237023308,[1 0 2 5]
125,56930,0.75,0.413,1.4194466417733869,1.4829281042826934,0.337,0.0634814625093065,4.445409519733557,22.32303204553297,2.9816123725438146,100.11628479618612,0.214420031545676,[1 1 1 5]
131,56996,0.75,0.362,12.218240903095548,12.274550590020802,0.388,0.0563096869252532,2.455259619181484,22.189588349072448,1.8781394155026627,54.676004338920464,4.772073787002829,[0 1 0 7]
133,57018,0.75,0.463,0.2891422852141193,0.4669128267830613,0.287,0.177770541568942,24.06177868006286,22.42767922727143,4.178148366689388,548.9344094337248,0.0001866350331225,[0 1 2 5]
138,57073,0.875,0.586,0.979088761778384,0.9866065177006912,0.289,0.0075177559223074,1.670002014107582,20.135031130735754,1.846340007456521,33.766616866492605,0.2572575841770598,[0 1 1 6]
139,57084,0.75,0.537,1.7237270215357463,1.7378969616670346,0.2129999999999999,0.014169940131288,1.5043521000653426,18.393639302395737,0.8329621364328316,27.698868191230616,0.7881230620339305,[2 1 2 3]
145,57150,0.75,0.299,9.215014762333368,9.271044646436206,0.451,0.0560298841028377,3.2665847243265618,20.956086781999428,2.805864409767907,69.06570977089407,2.6673813343851958,[1 2 0 5]
146,57161,0.875,0.613,0.7372353967532166,0.772820037627855,0.262,0.0355846408746384,2.559118139886101,22.250325834913298,1.7012079585546669,57.10740268369405,0.102720696747368,[0 3 1 4]
147,57172,0.875,0.432,1.0344977886108415,1.0550121245574169,0.443,0.0205143359465749,2.590787480638841,19.52570260749285,1.4754072664893374,50.73115752224884,0.1982155913426599,[0 2 2 4]
148,57183,0.875,0.434,4.206862444665277,4.256825481687297,0.441,0.04996303702202,2.1312712578673576,21.38135107836774,1.8271011714291316,45.73553548096479,1.7435236901247364,[0 1 1 6]
6,666732,0.75,0.46,2.491138462476853,2.49375966026503,0.29,0.0026211977881769,2.316960628991778,22.05630949165141,1.721802699125114,51.25907638453605,0.8447851284362348,[1 1 2 4]
9,666765,0.75,0.382,5.67181441040296,5.678533079576435,0.368,0.006718669173475,2.286017501589668,22.31040009036797,0.4271710685011714,51.01131280193774,2.2404322011587454,[0 1 2 5]
10,666776,1.0,0.488,17.49347119205867,17.513861724817183,0.512,0.0203905327585118,1.753173838238098,20.602453775207348,0.9753165446625288,36.1601334817716,9.673942367286475,[2 3 1 2]
17,666853,0.75,0.319,15.664357724708609,15.733180040584738,0.431,0.0688223158761314,2.6114244997386256,20.765231235238087,2.292360356548195,54.55626068739768,5.807268570441416,[2 0 1 5]
18,666864,0.75,0.28,13.775208930819993,13.8125364543562,0.47,0.0373275235362076,1.998079632065492,19.703336577614603,1.0990442748305715,39.430033323262855,6.6364100223380005,[0 0 2 6]
20,666886,0.75,0.503,2.4320155077123804,2.48815454640109,0.247,0.0561390386887095,2.6999301044569166,22.172098751010388,2.550094216922954,60.25775500410067,0.7263163825475041,[0 1 1 6]
23,666919,0.75,0.315,4.643063447313169,4.661723906195236,0.435,0.0186604588820662,1.500809671482639,20.733903620858342,0.8203177167883048,31.14198803132279,2.734186779763759,[0 2 2 4]
26,666952,1.0,0.562,5.313329549691443,5.406890348951255,0.4379999999999999,0.0935607992598122,2.5271349905865788,22.127743243389112,2.134415560877394,56.17933916345736,1.933374891711428,[0 0 0 8]
29,666985,0.875,0.301,2.152359928492412,2.187328556533865,0.5740000000000001,0.0349686280414531,2.081924226784704,19.70345743891494,1.4368534792403522,41.13003381632864,0.7809939237777801,[1 1 4 2]
37,667073,0.875,0.379,7.422713821822258,7.470082117497435,0.496,0.0473682956751764,1.8615846166229968,21.088246476093502,1.4688489002391207,39.35266842761423,3.7138566001011633,[0 0 2 6]
39,667095,0.75,0.418,1.4005262442269903,1.4267944536624262,0.332,0.0262682094354358,2.521427229989884,15.46648280332785,2.6025836861097167,39.54587787857148,0.3463810887890414,[0 5 0 3]
41,667117,0.875,0.447,6.284250827979047,6.304693757777502,0.428,0.0204429297984551,1.9775442340760276,17.08941260657462,1.5165140371243195,33.92787284671548,2.907257737946185,[0 0 1 7]
48,667194,0.75,0.544,11.721097418534104,11.726734278557103,0.2059999999999999,0.0056368600229994,1.8545824968603093,22.375510540875315,1.3376384348970545,41.5713157017652,6.030817983174606,[1 0 2 5]
51,667227,0.75,0.437,1.7629354973107834,1.7683445833263596,0.313,0.0054090860155762,1.1460752497735576,21.918261406415592,0.3267513527304175,25.122768095010983,1.0561585031710563,[1 1 2 4]
52,667238,0.75,0.355,7.406299911643976,7.451089960920036,0.395,0.0447900492760595,2.827647978854241,16.687719268139467,2.1716573035574505,47.58487721529992,2.4398225583658526,[0 3 1 4]
55,667271,0.75,0.497,9.069885820216262,9.10214184719078,0.253,0.0322560269745171,1.942984722429275,20.82745203741108,1.7555247820589384,40.610919776489496,4.400011162803152,[0 0 2 6]
66,667392,0.75,0.585,7.358797327708039,7.427875185604699,0.165,0.0690778578966595,2.701836907912531,20.594245152937397,2.391771550582021,56.01628644019381,2.56456413683895,[0 2 0 6]
67,667403,0.875,0.554,0.3166443845277249,0.4840578242088784,0.3209999999999999,0.1674134396811535,33.01060026985214,22.435515659834827,5.387192421834959,761.6613602276341,0.0007585792011559,[0 1 1 6]
70,667436,0.875,0.584,1.4494072844474126,1.4668560281607124,0.291,0.0174487437132997,2.58263324469535,21.23935339356505,1.9337230462006672,55.08033316638177,0.3647024098399528,[0 2 1 5]
72,667458,0.75,0.255,1.1357215318249834,1.1698051017884077,0.495,0.0340835699634243,1.4905011915201825,21.51046866009515,0.8000343657425473,32.08354681681492,0.4057420084507795,[2 1 0 5]
75,667491,0.875,0.459,8.232864996275698,8.242790232821328,0.416,0.0099252365456301,2.232486530217148,21.913528930555263,0.5355168081916635,48.936264053344495,3.4444786211959864,[0 3 2 3]
82,667568,1.0,0.466,3.149769633920971,3.1865716081705124,0.534,0.0368019742495415,1.8879440869953756,21.88863416476489,1.336097078529084,41.40143270531343,1.394287418640648,[0 0 0 8]
86,667612,0.875,0.506,6.266040257914158,6.297928112235877,0.369,0.0318878543217193,2.0257896879711814,21.64775762361985,1.4159092514217684,43.9475082507628,2.841132946833281,[2 1 0 5]
88,667634,0.875,0.365,10.352560824274972,10.37333884551425,0.51,0.0207780212392769,1.4599763696213577,19.260744425550996,0.6292637973385379,28.135235216754864,6.718865597925873,[1 0 1 6]
96,667722,0.75,0.529,4.5450795886113085,4.55836241317161,0.2209999999999999,0.0132828245603011,3.4030740933501726,16.888089748768905,2.5260115629114743,58.1107471162997,1.1821876754118883,[0 1 2 5]
97,667733,0.75,0.334,1.400245747884463,1.4305103246048558,0.416,0.0302645767203928,1.836988323363533,18.71422599868437,1.4982161816859505,34.4878061825681,0.4809585924449951,[1 0 0 7]
100,667766,0.75,0.458,1.40747858582744,1.4235109569837316,0.292,0.0160323711562915,2.2052648686495826,20.57118013039948,1.976131908078924,45.57373664142556,0.393114721065918,[0 2 1 5]
104,667810,0.875,0.359,3.986370593691813,4.035468966428337,0.516,0.0490983727365241,1.774386949144828,20.923160362555457,0.9864688566704244,37.16702249353169,1.9599443874609357,[2 0 1 5]
109,667865,0.75,0.362,6.613213203199066,6.65945258396926,0.388,0.0462393807701948,2.302730845587402,21.601250117461877,1.5420305730347714,49.86844580542282,2.654102974796442,[0 1 0 7]
110,667876,0.75,0.37,3.775237360418598,3.786802515174913,0.38,0.0115651547563153,2.0085657915068293,17.683368942155543,1.6617628217962648,35.67469521352263,1.607647271231714,[0 0 0 8]
111,667887,0.875,0.579,8.530827014761556,8.581788757494014,0.296,0.0509617427324577,2.608271246485115,21.44448941611815,2.160893685279187,56.216298826077455,3.098428620542458,[0 1 0 7]
113,667909,0.75,0.464,3.23313859843786,3.2635145623923307,0.286,0.0303759639544711,2.752589560151296,21.036690611566183,2.0276421436352816,58.17373106300666,0.9856491076196916,[1 0 1 6]
115,667931,0.75,0.417,15.780144825584529,15.807670976191996,0.333,0.0275261506074677,2.696483890845608,22.28062687602212,2.523944664043036,60.46360111052661,5.655154847053822,[1 1 1 5]
117,667953,0.75,0.489,5.575217813027843,5.5861784380764,0.261,0.0109606250485567,1.2278757513573797,16.832060702122163,0.490267051313589,20.676444354069577,4.097360949693671,[0 1 1 6]
122,668008,1.0,0.505,5.4202229275230245,5.461384891995341,0.495,0.0411619644723169,1.962474277779513,20.745473267503467,1.1498659026492466,40.77494785818142,2.504582742344924,[0 0 0 8]
130,668096,0.875,0.397,7.278272033332642,7.305075633952937,0.478,0.0268036006202949,3.605126121797275,21.43623786671008,3.0132118237125733,78.04009274395192,1.873557195558903,[1 1 1 5]
131,668107,0.75,0.386,8.442255738685267,8.473557123977848,0.364,0.0313013852925809,1.7137219300159765,21.65005991357126,1.2295323329112873,37.161965970203866,4.621957367463182,[0 1 0 7]
132,668118,0.75,0.487,14.740109617182952,14.782345484573348,0.263,0.0422358673903957,4.034790139784532,21.03261832601476,3.65550985263698,86.13438634457557,3.53325462288354,[0 2 1 5]
140,668206,0.75,0.323,12.63620271804194,12.656194322787202,0.427,0.0199916047452628,2.913120678205654,20.467854829695263,2.476418218097721,60.06016505612055,4.153532358673866,[0 1 3 4]
146,668272,0.75,0.193,5.763849703081448,5.778012442131644,0.5569999999999999,0.0141627390501959,1.2315836011412462,18.94477053818168,0.7536955864451125,23.350525876950638,4.232284212722203,[0 0 1 7]
148,668294,0.75,0.421,2.824389154122243,2.831846567793836,0.329,0.007457413671593,1.5380287126894592,17.530655549860413,0.6502079133459975,26.981190810169437,1.4798274458698109,[1 1 0 6]
149,668305,0.75,0.439,0.30243165603821,0.482218863216833,0.311,0.1797872071786229,30.947631109314656,22.2045384615582,5.444935657287268,707.5367958149054,4.075723073871056e-05,[1 1 2 4]
152,668338,0.75,0.435,2.8036350889485813,2.918029764056332,0.315,0.1143946751077509,3.952368031875184,18.71654376626076,3.5936860301502964,75.3259124408729,0.5984903203316027,[2 1 1 4]
5,777832,0.875,0.505,4.089280270385635,4.13722375456604,0.37,0.0479434841804051,2.5824873036435667,22.104880769229613,1.6717264235250406,57.24859014185759,1.3925359118630714,[0 1 0 7]
12,777909,1.0,0.475,2.626761168791732,2.655281483533921,0.525,0.028520314742189,1.765218861121553,21.75138210447174,1.26633531915506,38.46096465366546,1.1910683562226383,[2 1 2 3]
13,777920,0.875,0.441,5.696391690873581,5.714586097307133,0.434,0.0181944064335519,1.4684180531366864,21.02657095580997,0.6472300588143178,30.890420373876765,3.5169601664997736,[2 2 1 3]
15,777942,1.0,0.523,4.553405495205999,4.567120421297577,0.477,0.0137149260915787,2.0054970701180506,19.88094711952964,1.6419175624645133,40.00692468665533,2.005316393126962,[1 0 0 7]
17,777964,0.75,0.468,0.467059879507565,0.555136298490212,0.282,0.0880764189826469,12.362943507353778,21.45291600089258,4.935054024632176,272.14833803703505,0.0073893242918833,[1 1 1 5]
24,778041,0.875,0.341,6.362032157835584,6.441885199550807,0.534,0.0798530417152232,2.7366837332702274,22.035457944713173,2.066406040827921,60.56865637812523,2.15692410665146,[0 1 3 4]
31,778118,0.75,0.437,3.3275322214944603,3.337927375666659,0.313,0.0103951541721989,1.29456625630303,22.065212835996743,0.6764037731892425,28.578298236064978,2.1485558851531725,[0 1 0 7]
43,778250,0.875,0.571,7.327282459742487,7.335818008988214,0.304,0.0085355492457273,1.8136455812843,21.73145061579271,1.2130404465028346,39.474503877129024,3.742662458448697,[1 2 0 5]
46,778283,0.75,0.367,10.840299233939607,10.860056059437762,0.383,0.0197568254981526,1.7597941104295105,21.41070447102988,1.6894280054880204,37.79554483319052,5.85609257101855,[0 2 3 3]
49,778316,0.75,0.518,9.143283099509816,9.158396879324826,0.2319999999999999,0.0151137798150102,2.318871721032616,18.998459970863674,2.259756262558049,44.36553585713735,3.7124192878386495,[0 0 2 6]
50,778327,0.75,0.352,26.63921918809485,26.66439957422636,0.398,0.0251803861315096,2.646157147963501,21.592764247529956,2.190132748346197,57.43100803494718,9.864814432623154,[1 1 0 6]
52,778349,0.75,0.325,3.1448260195505924,3.189511843173805,0.425,0.044685823623213,2.392314536468554,19.42673687529536,2.6289961400938227,46.89850158756475,1.098528218926381,[0 1 0 7]
63,778470,0.75,0.391,3.649406311852726,3.681993600952187,0.359,0.0325872890994611,2.127869726410712,21.673561257971222,1.5868303453331918,46.24195742460007,1.4741450319755305,[0 0 1 7]
66,778503,0.875,0.533,4.791217088304631,4.823901263795873,0.3419999999999999,0.0326841754912425,2.3212736185920155,22.036567301168965,1.2314799071976854,51.23271435500368,1.8519604227432367,[0 1 0 7]
67,778514,0.875,0.586,1.9399330332557765,1.9696978696768104,0.289,0.0297648364210341,2.589124572683368,21.84009626316639,2.4903864031906555,56.91316493918831,0.5546750475051647,[0 1 0 7]
75,778602,0.75,0.452,19.081737352792917,19.110822154355606,0.298,0.0290848015626927,2.707813166798612,19.62325314220272,2.497844890413687,53.56484918130449,6.85192739177522,[1 0 2 5]
77,778624,0.75,0.336,7.259196076292541,7.30958221646659,0.414,0.0503861401740488,2.3766403792268425,22.04803873080632,2.068801118371667,52.6304288652225,2.845899161267007,[0 0 2 6]
79,778646,0.75,0.306,5.572168666133871,5.584730632265266,0.444,0.0125619661313951,1.2347023994859505,21.145502821951403,0.6466582846718699,26.12060876629325,4.067813385820135,[0 1 1 6]
86,778723,0.875,0.477,3.2004288611887963,3.2128059724267324,0.398,0.012377111237936,1.6390602953381663,18.65779394763411,1.4320826981128618,30.67119955474911,1.6225026518485794,[0 1 0 7]
91,778778,0.875,0.618,6.370923565719399,6.382251230591559,0.257,0.0113276648721605,1.7245789963516076,21.03009539301292,1.215342862746977,36.32857361704009,3.3812103728633813,[1 0 1 6]
92,778789,0.75,0.462,6.4610323812936405,6.526352916882203,0.288,0.0653205355885626,3.736945278729631,21.042429359577515,3.741136783483221,79.8675291429429,1.6067284325907716,[0 1 1 6]
94,778811,0.875,0.296,1.9248794580631383,1.9639187817145225,0.579,0.0390393236513839,2.611438926900077,21.434343863207715,2.230147857401287,56.27663952599189,0.5397927633557946,[0 2 5 1]
95,778822,0.75,0.553,12.237513758717768,12.246505876900782,0.1969999999999999,0.0089921181830145,2.4520111812466303,22.2443482700016,1.094852328057191,54.60941760248505,4.772848707469544,[0 1 2 5]
98,778855,0.75,0.359,11.55892124959107,11.623352683235812,0.391,0.064431433644744,2.585790382197667,21.831450618807764,2.1992219385195813,56.737262267729776,4.278604968615525,[1 2 1 4]
101,778888,0.75,0.374,6.937369105975846,6.964973436438886,0.376,0.0276043304630393,1.4658406940718194,21.0712745727421,0.6925463312164306,30.90380983806909,4.375439306025259,[0 2 1 5]
109,778976,0.875,0.492,13.843372949526032,13.875257198024418,0.383,0.0318842484983861,1.7207995136986942,16.518342980289674,1.044858312349822,28.481565265851344,7.748400742365126,[2 0 0 6]
111,778998,0.875,0.521,5.185546775881614,5.200713687305166,0.354,0.0151669114235524,2.600801868380633,21.40331186143225,2.1074749588807933,55.93497176343906,1.7928571066094563,[0 1 3 4]
112,779009,0.875,0.34,6.672253987187028,6.718435287775191,0.5349999999999999,0.046181300588163,2.203553157880849,20.39856482776847,1.8659729552355784,45.1369937029297,2.7965112014161355,[0 0 5 3]
113,779020,0.75,0.255,7.987302389059999,8.039554488314456,0.495,0.0522520992544572,2.2536673412168327,17.107290657647404,2.6134934314960865,39.00145297858213,3.318443151784335,[0 2 4 2]
114,779031,0.75,0.563,1.9876320922129276,1.998489813259608,0.187,0.0108577210466802,2.023480872234673,17.679100211061666,1.8889286620366144,35.97693428686683,0.7382142158486991,[1 1 0 6]
118,779075,0.75,0.425,3.850112257014514,3.861242288944317,0.325,0.0111300319298033,1.7500040933524792,20.02648608202774,1.1189067528539014,35.10109059901718,1.886410198572796,[0 1 1 6]
119,779086,0.75,0.367,5.138473345118375,5.194670714986397,0.383,0.0561973698680215,2.2295787495524624,22.206087096654343,1.293892351414322,49.594194690850856,2.082108765489711,[0 2 0 6]
122,779119,0.75,0.339,13.013527148750756,13.044964021172357,0.411,0.0314368724215992,2.756453273113012,22.29234082649268,1.7314188338716043,61.6328571978131,4.53184413679685,[0 3 2 3]
125,779152,0.75,0.305,17.353406362039276,17.388527383602405,0.445,0.0351210215631283,2.026845520472977,20.58928505761289,2.009407552362456,41.92956926612885,8.302644534843546,[1 1 2 4]
126,779163,1.0,0.426,6.254354988564724,6.293607353976644,0.5740000000000001,0.0392523654119205,2.5634501754364254,17.983069796703862,2.232181311330125,46.45247809112569,2.238331009774005,[0 0 0 8]
136,779273,0.875,0.408,0.723404072201999,0.7640772534976596,0.467,0.0406731812956606,1.6991299136478908,22.41379775833424,0.6970922496105699,38.10236861124697,0.1267321923520719,[0 1 0 7]
138,779295,0.75,0.359,4.823675954665874,4.864310853976475,0.391,0.0406348993106009,2.161989050034313,22.2756492624528,1.4895003008517906,48.26725465199649,1.9955104159954415,[2 0 2 4]
144,779361,0.75,0.382,9.133981732217698,9.160595226164526,0.368,0.0266134939468276,1.782120589205853,20.01457399018112,1.564525470749734,35.7771932118675,4.831846941159912,[0 0 0 8]
146,779383,0.75,0.244,2.111139239779556,2.156327295626192,0.506,0.0451880558466357,2.428774685100107,19.190564915092487,1.6878530932400262,46.78948731598266,0.6595014276074574,[0 4 1 3]
147,779394,0.75,0.496,2.760385472730588,2.7886952558541136,0.254,0.0283097831235257,2.7298830887749435,21.789333902950418,2.663842065095688,59.92520112439853,0.8209482056122185,[0 1 1 6]
148,779405,0.875,0.421,1.2566568312580793,1.272663547020636,0.454,0.0160067157625567,1.5141933792705542,19.61001661212398,1.328942824334809,29.76146376499158,0.4744612979341329,[0 1 1 6]
154,779471,0.75,0.365,3.7315857248446047,3.754027598406462,0.385,0.0224418735618572,1.5173897142682309,19.71797106431316,1.0574244977115062,29.962838884145945,2.1070725825766523,[0 1 2 5]
9,888987,0.75,0.468,5.0994728037474895,5.115469884911951,0.282,0.0159970811644614,2.474467646211998,21.93910848039925,2.5340721403954123,54.64854948185895,1.8445627115835777,[0 1 1 6]
11,889009,0.875,0.426,1.3017955015065883,1.341566221272752,0.449,0.0397707197661634,2.579230472824246,17.97555770331184,2.684877555181661,46.8774157285157,0.304693861085986,[0 0 3 5]
13,889031,0.75,0.349,12.78130576396774,12.814715573927264,0.401,0.0334098099595259,1.888068147052239,21.85451137027825,1.013862938453297,41.30718518187778,6.492869846282983,[0 0 1 7]
17,889075,0.875,0.485,8.798295951305725,8.802750888300716,0.39,0.0044549369949908,1.404582190607902,21.967232792875183,0.6560177142955611,30.86853945037026,5.868502860744248,[0 0 3 5]
18,889086,0.75,0.528,2.71243018489726,2.724234064312007,0.2219999999999999,0.0118038794147468,2.060649744688679,21.08390461557271,1.91986166620984,43.62629127862496,1.052180640709658,[0 0 1 7]
20,889108,0.875,0.377,0.6407938882572478,0.7474284204823625,0.498,0.1066345322251146,4.234067174268086,21.454445447214788,3.694012673015641,92.17623159953612,0.0489252728731859,[0 1 0 7]
22,889130,0.875,0.552,4.837612725549764,4.856763518330658,0.3229999999999999,0.019150792780894,1.6018476468398817,22.365320334883556,1.1967783488259254,35.8770903651692,2.6883138615202844,[0 2 0 6]
28,889196,0.75,0.454,4.881056898809556,4.908967023969873,0.296,0.0279101251603171,2.1976286316365545,20.580613068357827,1.897164862783962,45.420303847797136,1.985748543118265,[1 1 0 6]
33,889251,0.75,0.377,2.0684913863591494,2.1005261289076493,0.373,0.0320347425484999,2.150608652066897,22.119891436819096,1.8414860282432155,47.73579386543066,0.7197787257512076,[0 1 1 6]
35,889273,0.75,0.416,6.871759593435652,6.879340832032129,0.334,0.0075812385964777,1.2956551228906554,21.03096074361058,0.5456401917457762,27.25804140629961,4.880478686594756,[0 2 1 5]
36,889284,0.75,0.474,1.863508398206064,1.8844266117620831,0.276,0.020918213556019,2.645809363674492,21.11922933427344,2.345385333982691,56.22096995808881,0.5067853635474242,[0 4 0 4]
37,889295,0.75,0.337,6.922547933244671,6.967132352887233,0.413,0.0445844196425619,1.5949495703430188,22.073293057960303,0.8158631343373074,35.22982937483837,4.021627809374089,[0 1 1 6]
46,889394,0.75,0.368,5.269221169269727,5.305293689966749,0.382,0.0360725206970222,1.9094132122487169,20.84614632236245,1.3838934111614276,39.8915208520544,2.490902129898565,[0 1 0 7]
47,889405,0.75,0.345,6.679883464098046,6.697818402928766,0.405,0.0179349388307201,2.2528483559619223,21.0342101719542,1.823571352401811,47.564634948039625,2.728352047872544,[1 1 3 3]
51,889449,0.75,0.548,19.56429391145657,19.57941165269167,0.2019999999999999,0.0151177412351017,2.844284674086787,20.32255071790929,2.614264977797382,58.27941719885144,6.69494457595573,[0 0 1 7]
55,889493,0.875,0.44,7.103728408619769,7.125613327398464,0.435,0.0218849187786949,1.7066577207327585,20.868038306219415,1.1610654303623018,35.66968104469531,3.853823397577235,[0 0 1 7]
59,889537,0.75,0.347,5.109449848262172,5.167023416774319,0.403,0.0575735685121472,1.995107206252086,22.21535668297583,1.7341278329349736,44.45684776196549,2.314882491130226,[0 0 1 7]
66,889614,0.75,0.257,13.456302042114508,13.503877680246694,0.493,0.0475756381321854,1.673788097858118,18.10761143867148,0.9526655982034024,30.35022149419107,7.734339277988073,[0 1 2 5]
75,889713,0.75,0.489,6.923035175260144,6.94007809044734,0.261,0.0170429151871962,3.1978131794572464,21.746224535973784,2.733612896366687,70.08764102638692,2.0003254089777505,[0 1 2 5]
76,889724,0.875,0.485,13.530527558893311,13.592242896253206,0.39,0.0617153373598924,3.185695609638235,18.815633876624133,2.80214283671151,60.60195260320812,4.094653638966075,[0 0 0 8]
77,889735,0.75,0.408,6.546965363086255,6.588605304529803,0.342,0.0416399414435479,2.294977806579212,22.3451059541054,1.5123830857481133,51.398847956705794,2.630073933439343,[0 2 0 6]
78,889746,0.75,0.421,8.645733042822657,8.658056067528769,0.329,0.0123230247061112,1.3634434570370615,21.177841324758784,0.9995019165103336,28.90692957310358,5.939533911395933,[0 1 4 3]
80,889768,0.75,0.366,1.4123961259731943,1.4531559440399069,0.384,0.0407598180667123,2.692948966156412,20.255876678213685,1.7714637057959757,54.75624352474379,0.3349344559816675,[1 4 0 3]
88,889856,0.75,0.517,11.981707082621472,12.008093565702652,0.2329999999999999,0.0263864830811808,2.14183603175127,22.43521548416808,1.0637401660040775,48.10653543223709,5.360630980102542,[1 1 1 5]
89,889867,0.75,0.361,3.2073297109004533,3.218819115388415,0.389,0.0114894044879618,1.458464940700491,22.07612236301132,0.8327481541980596,32.22014947388709,1.8223170420674049,[2 3 0 3]
90,889878,0.75,0.533,6.041816816156232,6.047343611828285,0.2169999999999999,0.0055267956720523,2.23877203196387,20.32213373469161,1.6812829044548858,45.65206039185689,2.455342979177764,[1 0 2 5]
91,889889,0.75,0.434,13.660315689629886,13.687791069481843,0.316,0.0274753798519586,2.270113020721916,20.973873053731754,1.3048421172937212,47.70511472444159,5.787909813194239,[1 0 3 4]
99,889977,0.75,0.48,3.954271429405454,3.9796960808782575,0.27,0.0254246514728033,1.6718589560812562,21.772699018449007,1.0454531430580536,36.44282069119091,2.052257312884427,[0 0 2 6]
100,889988,0.75,0.531,7.272645143658808,7.287614870240736,0.2189999999999999,0.0149697265819277,2.1088702764598755,21.46237819437335,1.806849911262498,45.42148153074896,3.1962666789928043,[1 1 0 6]
102,890010,0.75,0.285,1.6555861442793367,1.729828275049863,0.465,0.0742421307705263,2.0287956173116144,19.10742124277036,1.0811001167127106,38.827052361522455,0.5800656955421806,[0 1 1 6]
106,890054,0.75,0.499,11.03981843382664,11.0745308252764,0.251,0.0347123914497622,3.999541248688679,21.697424848633336,3.487880073615409,87.89382534201776,2.64064869384033,[0 3 1 4]
108,890076,0.75,0.375,1.4464882038759992,1.460099987883924,0.375,0.0136117840079248,1.7443567395635269,21.654653627706043,1.039461526782777,37.81693415749651,0.5166288569443444,[0 2 0 6]
113,890131,0.75,0.374,3.926523102599032,3.958524734495272,0.376,0.0320016318962403,2.071626740227716,20.729373549485725,0.8991444302986447,42.98390304780772,1.6468314553315038,[0 1 3 4]
118,890186,0.75,0.304,17.462852926611145,17.500152957079802,0.446,0.037300030468657,2.2346251813743683,21.287719349105902,1.7491679300950966,47.73038989889306,7.583884409942908,[1 0 2 5]
119,890197,0.75,0.488,1.7501136274513862,1.7696825261615443,0.262,0.0195688987101583,1.9479380771094967,22.322785331302494,1.1440984175441946,43.540477574038256,0.6262905404539406,[0 1 0 7]
128,890296,0.875,0.459,6.149262452885768,6.169340018857428,0.416,0.0200775659716594,2.2996646303114527,16.93006124904473,2.619872386423053,39.396866567445656,2.4442858734588344,[0 4 0 4]
129,890307,0.875,0.459,11.31236018583826,11.359387162186092,0.416,0.0470269763478317,2.366542963816335,22.28546935071072,2.4482570738890668,53.056822217942496,4.57109193254886,[0 0 1 7]
134,890362,0.875,0.463,1.8146543506011652,1.8271034910651691,0.412,0.0124491404640039,1.8865059419135977,19.95154557369605,1.4630115451900758,37.73976583592138,0.6738507901039933,[2 2 0 4]
138,890406,0.75,0.569,16.097366756027252,16.121871016226116,0.181,0.0245042601988636,2.619927342187176,22.343217387210835,1.6162730090786348,58.69056546517274,5.9490870623596885,[1 1 1 5]
142,890450,0.875,0.411,3.116960841512279,3.141724549367413,0.464,0.0247637078551337,1.8500265060517624,21.61637997030591,0.7767984876629785,40.01668909479,1.3993381675834258,[1 3 1 3]
1,1000010,0.75,0.402,13.30755781904082,13.386145357774478,0.348,0.0785875387336574,2.745368223159177,22.047770076686948,2.5781333172073517,60.94166729178464,4.674268356405643,[1 0 1 6]
5,1000054,0.875,0.493,6.518726980143789,6.536476059152663,0.382,0.0177490790088734,2.3948057225968884,19.76984711018525,2.0346572196033863,47.595020151242046,2.4996548839516124,[1 2 3 2]
8,1000087,0.75,0.515,14.085297547674822,14.096083103538357,0.235,0.010785555863535,2.657276076111498,22.10549578752315,2.5748341401733743,59.13754115692936,5.096283885055359,[1 1 2 4]
15,1000164,0.75,0.47,4.906136784652344,4.947850589608095,0.28,0.0417138049557506,3.618008809734269,21.817537940415864,2.736599146567942,79.55457062241992,1.2170316899723574,[0 1 1 6]
16,1000175,0.75,0.354,4.815641100205159,4.837929666663412,0.396,0.0222885664582523,2.122528296361207,21.71687757055416,1.2860127798060443,46.175436020704886,2.0169541345923063,[0 1 4 3]
20,1000219,0.75,0.461,9.02343578769021,9.0567331195681,0.289,0.0332973318778897,4.175848511970412,21.0982369977418,2.5570300584168364,88.74773636528509,2.0383162991231822,[0 1 0 7]
26,1000285,0.875,0.423,5.266762602724423,5.301936115888056,0.452,0.0351735131636328,1.955303988907892,21.05549465867991,1.3948722610210806,41.26013537787021,2.427690868465476,[0 0 1 7]
28,1000307,0.75,0.474,7.519527963463537,7.531160729258479,0.276,0.0116327657949426,2.1812593958147013,22.27900151101773,0.8514475708091587,48.63175772476907,3.2035380193413885,[0 1 1 6]
34,1000373,0.75,0.413,1.5582033897782184,1.5719179712920637,0.337,0.0137145815138453,1.7475757929610425,15.55862473140833,1.022562294230549,27.24853650338853,0.5818749558900909,[0 2 5 1]
37,1000406,0.75,0.383,20.68205339070967,20.700361023961847,0.367,0.0183076332521778,1.9296828897805165,21.78345224841766,0.7418798598744627,42.05952592572845,10.441471366189615,[1 2 0 5]
41,1000450,1.0,0.408,7.854587381985491,7.910139827944283,0.5920000000000001,0.0555524459587921,1.8198761230175124,22.179300403665724,1.4171916097898916,40.44589414268816,4.040836903659521,[0 0 0 8]
42,1000461,0.875,0.385,10.915225127554312,10.947190089541785,0.49,0.0319649619874713,2.093576631101348,22.26323269978785,1.2355722210581033,46.6815090973365,4.967084598853795,[0 0 2 6]
46,1000505,0.75,0.376,2.322746480093847,2.3596807585582478,0.374,0.0369342784644004,2.0239465580979483,17.637698369538505,1.920995233818692,35.90886339656612,0.8909185523345602,[0 3 0 5]
47,1000516,0.75,0.288,0.5512767450333841,0.7268134089576515,0.462,0.1755366639242673,4.1665163974306925,22.16086166768764,3.711474176791841,93.61957729373904,0.0400404676386204,[0 3 3 2]
49,1000538,0.75,0.588,10.304195675818509,10.316328567887918,0.162,0.0121328920694097,2.9559232475394595,19.55684931377224,2.604836379530913,58.3190643075366,3.306182853220677,[0 0 2 6]
51,1000560,0.75,0.291,2.181365385599991,2.2655425165217,0.459,0.0841771309217085,2.1148161914692087,20.21298032488896,1.6204584518120726,42.88388684641119,0.803072703922778,[1 4 1 2]
52,1000571,0.875,0.307,16.645744759318298,16.675500840588896,0.5680000000000001,0.0297560812705981,1.696602651237519,20.41467516744696,1.0190292289806318,34.678715183206066,9.494719161253586,[2 1 1 4]
55,1000604,0.875,0.318,8.378038983036532,8.407337502405072,0.5569999999999999,0.02929851936854,1.6834936045601607,18.92027031538576,0.8042176133687705,31.88091515773545,4.663154156389152,[0 0 3 5]
56,1000615,0.75,0.402,5.588000861816483,5.609246425399913,0.348,0.0212455635834301,2.375518064077004,18.941327890304947,1.6788197723943414,45.17185724556041,2.127081866679487,[0 6 1 1]
58,1000637,0.875,0.403,5.419365595369507,5.4310094238276605,0.472,0.0116438284581539,2.2747117448870404,21.91722791854773,2.472682174078711,50.17165592518446,2.1431627748312803,[1 1 4 2]
61,1000670,0.875,0.418,2.2606072083797097,2.28653777768226,0.457,0.0259305693025502,1.4687881696971556,21.075932100452185,1.601678355706462,31.04534187516729,1.18741312557562,[0 1 0 7]
64,1000703,0.875,0.523,11.878562449224974,11.89843307587872,0.352,0.0198706266537467,1.934301804635484,19.7521596408091,1.4605014789532809,38.31093970881388,5.866857788620016,[1 0 3 4]
66,1000725,0.75,0.44,2.6950551896273147,2.6971168991946417,0.31,0.0020617095673269,1.3109050964096638,20.65262636221649,0.3319775064371341,27.077130632429515,1.630357911036824,[0 2 0 6]
67,1000736,0.875,0.475,1.330991261660619,1.3589676130115214,0.4,0.0279763513509023,2.0348272846493627,21.14567215366504,0.8582937205522911,43.06322048851652,0.3968310694518743,[0 3 1 4]
68,1000747,1.0,0.519,1.724641299836517,1.7405360798896092,0.481,0.0158947800530921,1.596497588049574,22.1044671978491,0.717710147731131,35.30832552731926,0.7515891628763351,[0 0 1 7]
69,1000758,0.75,0.43,3.415330657757387,3.4219131399640395,0.32,0.0065824822066522,1.4169050031327717,22.179027395520517,0.3459643127711121,31.429397882491784,2.0223152580726707,[1 2 1 4]
70,1000769,0.75,0.33,0.6272397045183303,0.740369211970105,0.42,0.1131295074517746,3.24379525818517,22.090552070485646,2.0352343699840767,71.96070594326852,0.0581475556149264,[0 4 1 3]
71,1000780,0.75,0.459,6.216851311822973,6.242100844429928,0.291,0.0252495326069555,1.5136252525319729,21.41799384801935,0.9665740048570052,32.45181216084988,3.764095493962997,[0 2 1 5]
81,1000890,0.75,0.236,21.16292084971065,21.2394726301154,0.514,0.0765517804047526,2.801957514506717,18.279144406701462,2.232135160204239,51.59784393875536,7.380072349607065,[0 1 6 1]
84,1000923,0.75,0.57,6.175400830026461,6.192906796105779,0.18,0.0175059660793186,1.3683056984314508,21.23966175411315,0.4603011537870408,29.069174205696253,4.123787397705993,[0 4 0 4]
86,1000945,0.75,0.57,11.705732170181316,11.705967497930718,0.18,0.0002353277494027,1.975265363453107,19.47511441126056,1.702969474295288,38.61531059209513,5.6450020476440805,[1 1 1 5]
89,1000978,0.75,0.412,11.725495155084683,11.766652398530898,0.338,0.0411572434462144,2.595994020635669,21.337767184572385,1.864556709118664,55.60379706865972,4.321042193217865,[0 0 4 4]
97,1001066,0.75,0.519,3.66377008807684,3.673760148537877,0.2309999999999999,0.0099900604610376,1.3973315837426354,21.7282972470445,0.6282479337181969,30.37432464739481,2.233783189977062,[0 1 1 6]
104,1001143,0.875,0.477,11.127013225254949,11.162471693653226,0.398,0.0354584683982768,2.150638699942117,21.190051430675123,1.5092141668958745,45.68758496987868,4.936003817934892,[0 0 0 8]
112,1001231,1.0,0.399,13.838886197433752,13.874385665776586,0.601,0.0354994683428344,2.02835090443484,21.490882521996053,1.9501584844469988,43.77015585982868,6.565915128376767,[2 1 1 4]
113,1001242,0.75,0.424,7.655370743564291,7.67048648828283,0.326,0.015115744718539,1.9213195218525023,21.676556174194413,1.6853932188385057,41.77328812371657,3.7048894368929615,[0 1 1 6]
114,1001253,0.875,0.449,4.385460242474342,4.39495275038641,0.426,0.0094925079120677,1.960671779181066,20.93325270474086,1.6830940942473969,41.17568868568026,1.9585444853949905,[1 1 3 3]
115,1001264,0.875,0.46,15.395034293335453,15.406187606176452,0.415,0.0111533128409995,1.8479157721117208,22.01631117327443,1.3032851390804163,40.75550941078965,8.041511864028564,[0 3 2 3]
118,1001297,0.875,0.375,7.477687606896841,7.490338441871278,0.5,0.0126508349744369,1.3501796605588066,21.55005844799472,0.896603059976795,29.12162306413205,5.135364264500583,[2 2 0 4]
122,1001341,0.75,0.47,5.14549516928414,5.158332732994352,0.28,0.012837563710212,1.3554735826396476,22.18720539871654,0.8117769848060052,30.094293509306603,3.394818874374434,[0 0 2 6]
123,1001352,0.75,0.281,9.711948080658347,9.734154881499014,0.469,0.0222068008406672,2.3157209837812243,21.80234915542001,1.7108072071904408,50.643356141389866,3.960864931992155,[1 0 3 4]
128,1001407,0.875,0.365,0.6805472742282009,0.7313907431671265,0.51,0.0508434689389255,3.542614131532698,21.520825580886516,3.0325332480055973,76.99317352448334,0.0523670562016912,[2 3 2 1]
130,1001429,0.875,0.393,5.389576131045293,5.4489831910390345,0.482,0.0594070599937417,1.9709902010736455,22.365879325208624,1.3666205591582077,44.1651456032366,2.483656288395979,[0 1 0 7]
135,1001484,0.75,0.379,8.279156285703634,8.298454877854255,0.371,0.019298592150621,1.1999688113364413,19.649901114727086,0.6326237992764284,23.59148530287951,6.452973169966652,[2 0 1 5]
137,1001506,0.875,0.514,2.243504326033293,2.29318660754723,0.361,0.0496822815139368,1.7347326099807263,21.89552351915289,0.9379550592325012,38.01771336894273,1.008321448788478,[0 0 0 8]
142,1001561,0.75,0.174,1.4803370898212465,1.5783265047465995,0.5760000000000001,0.0979894149253532,2.144930824773139,22.3434698338274,1.6262340049709354,48.05196958461031,0.4767815584513867,[0 6 0 2]
144,1001583,0.75,0.506,11.35195238653959,11.357951934674034,0.244,0.0059995481344437,2.197549479402499,22.39589854648337,1.5028538978860044,49.32677938939942,4.918759513086259,[0 2 3 3]
156,1001715,0.75,0.457,8.80599023308719,8.84908775325342,0.293,0.0430975201662295,2.092687635667568,17.00884466010513,1.3552126019331463,35.70700352129127,3.964179774522545,[0 1 2 5]
7,2222299,0.75,0.568,2.9883214718515685,3.007037888301307,0.182,0.0187164164497386,2.547535968848229,20.71288616381276,2.485572298336212,53.14539356608793,0.9641517880255216,[1 1 0 6]
8,2222310,0.875,0.548,4.827071760867691,4.856495275361101,0.3269999999999999,0.02942351449341,2.749857692379582,21.424909595784914,1.4793383720846502,59.05572722915395,1.5657866137302174,[2 1 0 5]
11,2222343,0.875,0.577,4.441001079665611,4.468306443363735,0.298,0.0273053636981241,2.483819313521661,19.65976600096993,1.832058687620452,49.0428748042085,1.580495165375025,[0 1 0 7]
20,2222442,0.75,0.384,5.1969786278654775,5.226826716131487,0.366,0.0298480882660099,1.5694237323719884,22.08626202886539,0.9615884550612168,34.69554058694634,2.982625154294647,[0 1 0 7]
21,2222453,0.75,0.581,8.070732081425263,8.109283632446937,0.169,0.0385515510216745,2.7649567311705163,21.147407406307416,2.7202314903632767,58.953422870923454,2.748571411474644,[0 2 0 6]
25,2222497,0.875,0.566,3.0462763052076043,3.067086559889684,0.309,0.0208102546820794,2.7100060655544853,21.22762344932589,2.3049214871674115,57.86511286509838,0.9318202132366566,[0 0 1 7]
28,2222530,0.75,0.378,2.12939551795865,2.141831927427748,0.372,0.0124364094690978,1.7108636486600366,20.660312816641092,1.5318684809501917,35.44400588407637,0.9267676180573634,[0 2 3 3]
30,2222552,0.75,0.204,6.925905061271893,6.983071092507118,0.546,0.0571660312352255,2.1547154549038243,21.546649080980504,1.3088632780479972,46.51247706494405,2.983414215182236,[0 3 0 5]
34,2222596,0.75,0.343,10.067059550193132,10.083943752531548,0.407,0.0168842023384154,1.8463991374806192,22.23195744611546,1.5177131156667854,41.14460857370318,5.158559069180619,[0 0 2 6]
35,2222607,0.875,0.399,3.9607174313379785,4.043416108679613,0.476,0.0826986773416349,1.849360650630123,20.454424086760888,1.3436867424563537,37.90913989097975,1.8847740477321095,[0 0 2 6]
36,2222618,0.75,0.519,0.6591514255411258,0.6753695626997359,0.2309999999999999,0.01621813715861,1.828312683333689,19.949102742646527,1.203822656229456,36.53954548428466,0.0688644471012242,[1 2 1 4]
38,2222640,0.75,0.335,4.359509286907186,4.405813897926271,0.415,0.0463046110190852,1.8323303453570023,19.883454045652105,1.1426428858575706,36.49316596146747,2.0986661905079487,[1 1 2 4]
39,2222651,0.75,0.32,2.7065170285246314,2.7478782673539843,0.43,0.0413612388293529,2.0015403386029007,21.486309825258555,1.2237594224134734,43.075412643186056,1.092318241276925,[1 1 2 4]
40,2222662,0.75,0.277,3.3440745248186765,3.3779414257949294,0.473,0.0338669009762528,2.8967600083180485,20.445341477746464,2.1127308322018004,59.54061853275765,0.9745674258853628,[2 2 1 3]
45,2222717,0.75,0.561,6.95687194075931,6.984916901351263,0.1889999999999999,0.028044960591953,2.4295863763638303,21.97072773781921,1.62176483140259,53.525006427761646,2.651499744602972,[0 0 1 7]
48,2222750,0.75,0.448,2.9863807663692064,3.019315711210489,0.302,0.0329349448412825,2.136277972492325,19.01251650057912,1.4685761594423143,40.73700610171127,1.160153667613665,[0 4 0 4]
51,2222783,0.875,0.302,8.909591328781929,8.940196787330436,0.573,0.0306054585485071,1.7268357051141074,19.627494452427413,0.927639265469613,33.931291336245884,4.8611739939396665,[0 1 5 2]
61,2222893,0.75,0.497,9.606667066727733,9.621353583736353,0.253,0.0146865170086201,1.4332463559770527,22.13606568216288,0.8960788086960593,31.75241941568549,6.333114297914718,[0 0 3 5]
65,2222937,0.75,0.387,2.995540958001463,3.019590564298185,0.363,0.0240496062967219,2.5726714771407115,19.822941420890043,2.213023655841354,51.31473514603222,0.9579119062596152,[0 1 4 3]
68,2222970,0.75,0.478,0.6501860413979508,0.7070112374937418,0.272,0.056825196095791,4.6383472214867085,20.071784377510543,4.111921112508906,95.0334325605243,0.043310601330604,[1 2 0 5]
71,2223003,0.75,0.237,1.9048586504707925,1.942515367593824,0.513,0.0376567171230315,1.6970074182167176,22.350271574852297,0.7062245065250199,37.94750655406837,0.8139390891290221,[2 0 0 6]
76,2223058,0.75,0.418,3.4064256297998075,3.411665834368024,0.332,0.0052402045682167,1.4947614518951489,21.825802409227983,0.8330718862907114,32.648124383662925,1.909548107302078,[0 0 0 8]
79,2223091,0.75,0.305,0.5735836929044724,0.648242642757449,0.445,0.0746589498529766,2.941856231396088,21.94754395141185,1.764793102188809,64.77491658300572,0.0353156218686775,[0 2 0 6]
82,2223124,0.75,0.283,15.152871009255657,15.231444887980985,0.467,0.0785738787253276,2.5044477104519256,17.034630965237994,1.3825273338313946,42.80261849278055,5.854574746346783,[0 3 4 1]
86,2223168,0.75,0.395,2.0583571079544027,2.071032289918102,0.355,0.0126751819636994,2.7220606110002774,21.68681479310964,2.126438563457124,59.31592284510141,0.5555898986105248,[0 2 3 3]
89,2223201,0.75,0.326,0.7161504093651873,0.7287884087071727,0.424,0.0126379993419853,2.260724569657813,21.735863956768306,0.9153048745206834,49.18235086140213,0.0745793852640472,[0 4 1 3]
91,2223223,0.75,0.54,9.059072677220284,9.066997199940756,0.2099999999999999,0.0079245227204722,2.2008562857025824,22.259353973379984,1.500518003065019,49.1008222677569,3.8743914107723785,[0 3 0 5]
94,2223256,0.75,0.43,15.451045809623835,15.497305219725208,0.32,0.0462594101013706,2.711615114954968,21.189653549012636,2.4745450882534583,57.8486585120192,5.515368214110162,[0 2 2 4]
95,2223267,0.75,0.561,1.0746352933837788,1.0789959889093526,0.1889999999999999,0.0043606955255737,1.8471304475467512,21.485816665941552,0.7320800602716394,39.71013683975711,0.2880762190679274,[0 2 0 6]
101,2223333,0.75,0.362,5.047531125276972,5.058372452555233,0.388,0.0108413272782605,2.2620132506801323,21.70837814167269,1.6870117027125395,49.25269286930349,1.9906960161638192,[0 1 3 4]
106,2223388,0.75,0.337,10.726982038539315,10.770914714593308,0.413,0.043932676053993,2.597131520170985,21.372562298231525,2.0330048072567286,55.75791137159556,3.9336269029362287,[0 1 0 7]
116,2223498,0.75,0.268,3.9563602659496793,4.032243806859318,0.482,0.075883540909639,1.82413830745678,18.093512488815595,1.0176363761579583,33.05723038862706,1.9029610550039808,[1 1 0 6]
120,2223542,0.875,0.462,11.947151992115517,11.985150655511433,0.413,0.0379986633959177,2.151376944439436,19.775844691100144,1.4488263271524775,42.6593219717406,5.325121517466707,[0 1 3 4]
121,2223553,0.875,0.39,2.269758054899097,2.292426819275267,0.485,0.0226687643761698,2.3739448909056997,21.196342380534976,1.550966713740978,50.45347417076421,0.7338511060235385,[0 2 0 6]
126,2223608,0.875,0.48,2.9324472344215087,2.9449932283711675,0.395,0.0125459939496588,1.6864405186357745,21.51668442547065,0.901815035627526,36.31846581961394,1.4173671333811648,[0 2 2 4]
127,2223619,0.75,0.372,14.964041145117074,14.987504521267098,0.378,0.0234633761500244,2.543202489543067,22.11689766709192,2.56222150597754,56.62394175985861,5.675704674390084,[0 0 2 6]
130,2223652,0.75,0.465,14.773895830219436,14.86364591094862,0.285,0.0897500807291837,5.320289020247415,22.228170474169254,4.058216805479222,120.21506924419909,2.695944567677395,[0 2 0 6]
136,2223718,0.75,0.288,10.390169864468128,10.404786880507343,0.462,0.0146170160392156,1.4209027972911512,21.536192578546807,0.8383201834141244,30.62401133802581,6.928473361557553,[0 1 3 4]
143,2223795,0.75,0.366,0.474311913672674,0.5906010308728682,0.384,0.1162891172001941,2.851914899642229,22.000366219458503,2.815543117233744,63.25489365582643,0.0231571620946173,[0 2 0 6]
145,2223817,0.75,0.332,2.51825916457744,2.536261658409144,0.418,0.0180024938317036,1.6881734280423777,19.815278603532736,1.023052995226833,33.49618155848682,1.1712452550559618,[0 1 1 6]
150,2223872,0.75,0.417,8.344555364046801,8.349743174777837,0.333,0.0051878107310354,1.6546849214787047,13.813325621516489,1.5714290731119316,23.00412904282183,4.7082629175485655,[1 0 1 6]
155,2223927,0.75,0.308,19.69658803990599,19.74932057146264,0.442,0.0527325315566464,2.1556263584748145,20.54860304308539,1.732857124314466,44.45233354897603,8.903936048605074,[0 0 2 6]
1,111122,0.75,0.295,9.025262918538836,9.037672139666004,0.455,0.012409221127168,1.9337650162924491,21.82764776664288,1.3270213795329258,42.2874747233069,4.383399278594911,[0 2 1 5]
3,111144,0.75,0.37,2.8450975858035683,2.860632413632669,0.38,0.0155348278291005,2.0249091916038005,22.27596058164009,0.3816757637881739,45.11341791926165,1.1409379147171492,[1 1 0 6]
4,111155,0.75,0.414,3.9715747583729337,3.9848924141815942,0.336,0.0133176558086609,1.671195014340014,22.291091287253487,0.4434588729237979,37.260131676544354,2.055274243543756,[0 2 1 5]
6,111177,0.75,0.412,4.877541345699584,4.912423092283468,0.338,0.0348817465838831,2.44346459048082,22.17529673973608,1.2574087031668788,54.27159076064496,1.7890571783689777,[2 1 1 4]
8,111199,0.75,0.215,7.995577263009056,8.009222041295539,0.535,0.0136447782864825,1.7442998874696034,17.00737520948241,0.8220953540360831,29.700600024510614,4.269773445680509,[1 3 3 1]
13,111254,0.875,0.461,6.463030350043504,6.49530241166891,0.414,0.0322720616254059,1.945811101283225,17.932357282940103,1.8606221251087445,35.08030044804057,3.053444814143522,[0 3 0 5]
16,111287,0.875,0.319,8.626375779378623,8.66044982521899,0.556,0.0340740458403665,2.7139686976106345,21.82635666814913,2.678522658626445,59.6804326302566,2.982929299791866,[1 0 4 3]
20,111331,0.75,0.359,2.443544513745961,2.46534352935682,0.391,0.021799015610858,3.3488851080870776,21.651282510497783,3.008328863135032,73.20421380159023,0.571464829015413,[0 2 5 1]
21,111342,0.875,0.54,14.429721952840945,14.466438515316357,0.3349999999999999,0.0367165624754122,2.445591698763002,20.20408154653028,2.0667884897850795,49.66878889207648,5.690637582467735,[0 2 1 5]
22,111353,0.75,0.431,8.819074249335033,8.861565753234851,0.319,0.0424915038998179,3.002816789101638,21.87688525522432,2.79718012735088,66.22707663986347,2.768435136052491,[0 0 0 8]
26,111397,0.75,0.365,1.8041823639665644,1.8395014137554528,0.385,0.0353190497888884,1.937020593924184,21.50470222662929,1.268603093338566,41.7274688233704,0.6632043064714995,[0 2 0 6]
30,111441,0.75,0.445,13.98155206231618,14.010640027364548,0.305,0.0290879650483653,2.705104741546452,21.423339452552145,2.5704524718104764,58.36803060392426,4.974839896926046,[0 1 1 6]
34,111485,0.75,0.476,1.3364406589515938,1.3550683298679895,0.274,0.0186276709163957,2.071673696404282,17.355351110587133,1.822352180268377,36.15228967844987,0.3853232579063159,[0 0 1 7]
35,111496,0.75,0.463,6.565509459438615,6.589254292271818,0.287,0.023744832833203,2.253877672760009,19.69291433332616,1.6713777005681467,44.5449929903338,2.679567654060624,[0 0 1 7]
36,111507,0.875,0.456,6.118458325380254,6.17119614820845,0.419,0.0527378228281962,2.345459536137138,21.996860600031845,1.9503908484796812,51.79515529634604,2.3983699068015736,[2 0 1 5]
38,111529,0.75,0.554,3.774152299783365,3.800569031207454,0.1959999999999999,0.0264167314240886,2.603479900310431,18.85926678837485,2.139734038877809,49.41473473216095,1.2524872860160603,[1 1 0 6]
41,111562,0.875,0.484,0.5003981265935595,0.5828717045884184,0.391,0.0824735779948588,5.414582338194474,21.74236103844156,4.472444635484559,120.19068153735628,0.0118354560160035,[0 3 1 4]
43,111584,0.75,0.362,10.03703459211448,10.075023244401638,0.388,0.0379886522871597,2.3801104774733712,19.7119419239892,1.896958509070072,47.13334563351748,4.004087827474122,[1 0 1 6]
45,111606,0.75,0.542,2.13314643303942,2.1585250222897754,0.2079999999999999,0.0253785892503555,1.630325708733357,19.580374570583203,0.6548369609907277,31.940235178308264,0.9974964438958484,[0 1 1 6]
51,111672,0.875,0.4,9.346373018102444,9.357076439959672,0.475,0.0107034218572277,1.7005069012843772,20.820613878387817,1.5208399997279098,35.49992627423441,5.174175155111519,[0 0 2 6]
59,111760,0.75,0.438,13.290235709352553,13.316697521258954,0.312,0.026461811906401,2.1908130718299907,20.315033355951844,2.032901346252293,44.7287241297419,5.825994287395913,[0 1 1 6]
64,111815,0.75,0.349,1.534479750677718,1.5608131346179688,0.401,0.0263333839402508,1.8928331610231892,21.80215875521259,1.678213169553625,41.389926456001646,0.5326716542890836,[1 2 0 5]
69,111870,0.75,0.434,1.922327427105988,1.959508483473136,0.316,0.0371810563671486,1.5481200523210767,21.845540938741166,1.001655483778102,33.85505205032184,0.9085322838933338,[1 0 2 5]
76,111947,0.75,0.522,16.786366053639636,16.812696042445225,0.2279999999999999,0.026329988805589,2.0158712664261125,21.663224638202223,1.7437577290447055,43.81151940495732,8.068203321563606,[0 1 1 6]
82,112013,0.875,0.414,2.620083344857144,2.6323856741422844,0.461,0.0123023292851405,1.6331893112100275,20.80609105894026,1.2222711580596286,34.03886924675441,1.2691892918169858,[0 0 2 6]
93,112134,0.875,0.546,11.682711357822246,11.696709942655904,0.3289999999999999,0.0139985848336579,2.435144770587886,20.763007296792612,2.2321838521253903,50.852278610050085,4.577150538830049,[0 1 1 6]
99,112200,0.75,0.524,2.65897972456972,2.677821861347876,0.2259999999999999,0.0188421367781561,1.794299969404121,22.17344376194964,1.6160480916000666,39.891336779094,1.184344960035609,[2 1 1 4]
100,112211,0.75,0.435,9.36590442821191,9.38300755276715,0.315,0.0171031245552395,1.947048634047699,19.69421289159761,1.320167777394174,38.43164595758111,4.5339617888210935,[0 1 3 4]
102,112233,0.875,0.494,13.705612896789305,13.730714018883775,0.381,0.0251011220944725,2.249648687548477,20.11963999688288,1.771275867881641,45.4371861146644,5.8626061793833255,[0 1 1 6]
104,112255,0.875,0.563,3.9464327000540393,3.991534970462603,0.312,0.0451022704085644,3.2501506402701863,20.59688576481935,3.10545785367303,67.69959800610079,1.0628918899260449,[0 1 0 7]
108,112299,0.75,0.559,2.7747894689898014,2.7972764291387597,0.1909999999999999,0.0224869601489579,2.657404246548389,21.70251813296595,2.349207131362616,58.009258022032114,0.8490258402375102,[0 2 0 6]
117,112398,0.75,0.293,0.9516640643209278,0.9872796084914166,0.457,0.0356155441704888,2.1960971015277244,20.776598311574134,1.8148110179875503,45.80116095527988,0.1959869647114544,[0 3 1 4]
121,112442,0.75,0.382,3.2235913367627216,3.2373604835652383,0.368,0.0137691468025167,1.785956795378437,21.880413004991038,0.7551736560447039,39.10073979747639,1.5011835965831553,[0 2 2 4]
11,222343,0.875,0.403,5.531095554522387,5.556769763218107,0.472,0.0256742086957197,1.6902913770205783,21.213544853461485,0.9873648096684556,35.89589042893195,2.9642204860189274,[1 0 1 6]
19,222431,0.75,0.502,13.721803865043317,13.725085428567844,0.248,0.0032815635245295,2.4255814803568416,22.39925581016087,1.535660084460029,54.45875614168681,5.427583698064286,[0 3 3 2]
21,222453,0.75,0.474,14.253898727915203,14.2847723278897,0.276,0.0308735999744964,2.1698108978029382,22.220437143378817,1.69185036967592,48.35369836830441,6.329275188264317,[0 1 1 6]
27,222519,0.75,0.308,9.2737361682579,9.294455824122428,0.442,0.0207196558645268,1.9210433747279767,20.907272247089733,1.176249612496381,40.22729025918577,4.547730507057309,[0 1 4 3]
31,222563,0.875,0.341,5.495372221996307,5.544531198138262,0.534,0.049158976141955,1.9508849665933117,18.708106642782933,1.484654643928766,36.6121107920799,2.5571980166551422,[0 0 1 7]
32,222574,0.75,0.434,8.146959240720696,8.178652236243076,0.316,0.0316929955223805,2.4949138103350936,21.827748335093336,1.9695440891098897,54.67959234588629,3.060438355248009,[1 0 0 7]
42,222684,0.75,0.502,3.393503088512735,3.42375948458479,0.248,0.0302563960720552,1.7586447161236305,21.835644866769943,1.30327683460814,38.4694805562113,1.6345541851573442,[0 2 0 6]
43,222695,0.875,0.444,11.531156234217958,11.562750056551929,0.431,0.0315938223339706,2.4473964466489435,19.504877570016188,1.528031719552376,47.88242989230705,4.5004221880204005,[0 1 5 2]
46,222728,0.75,0.302,5.79237043518234,5.820945180057234,0.448,0.028574744874894,1.6273752521530938,19.91912632041092,1.3982553880177524,32.495660797349615,3.235825757206545,[1 2 1 4]
52,222794,0.75,0.412,5.023808025719724,5.071435874987804,0.338,0.0476278492680801,2.112604497315525,21.682976038803403,1.6513308063644323,45.94020326312553,2.1399865517471377,[0 1 0 7]
55,222827,0.875,0.452,2.5083169164763808,2.5367750743298383,0.423,0.0284581578534575,1.5562678973484505,21.96685192164604,0.7377791868475955,34.205582451482265,1.2752700838041884,[0 1 1 6]
57,222849,0.75,0.502,0.7634891565352566,0.8108244387581899,0.248,0.0473352822229332,2.1968542064942413,22.108990583992203,1.5805559917241443,48.69418516973574,0.1230483333344165,[0 1 1 6]
61,222893,0.875,0.36,0.5656905887957462,0.6534205913210562,0.515,0.08773000252531,2.687744256919295,22.291910039176848,1.987311202014854,60.1525726873515,0.0512639913447806,[0 3 1 4]
62,222904,0.75,0.306,0.458285389335773,0.6083827019545553,0.444,0.1500973126187823,4.508262781637827,21.07586193273182,2.9515388251695427,95.94273159515608,0.0131270944782975,[0 2 4 2]
66,222948,0.75,0.197,2.199050405774499,2.2493219383003837,0.5529999999999999,0.0502715325258842,2.4486323114238973,19.063444415638543,1.669862615706824,46.85810647849959,0.6887760286233431,[0 1 5 2]
70,222992,0.75,0.49,6.891749234833632,6.907513005426631,0.26,0.0157637705929989,2.4321360106436707,18.202329148468053,1.9235757808780083,44.51705444787756,2.615601610584577,[0 2 0 6]
74,223036,0.75,0.328,1.265847166035229,1.278394660132974,0.422,0.012547494097745,2.0901166774365407,21.068305885203117,0.9236956186588684,44.07751942160579,0.3484347803455112,[1 1 3 3]
76,223058,0.75,0.402,2.4836914987038803,2.487221048320101,0.348,0.0035295496162208,1.229529423759299,21.86407781136293,0.7082086771281907,26.89662592983272,1.567404564578312,[0 0 1 7]
85,223157,0.75,0.364,3.7855299308069785,3.794714756279048,0.386,0.0091848254720696,2.2941637553920544,22.158745677199924,1.3573299547813331,50.931073731905954,1.4100911221056744,[1 0 3 4]
86,223168,0.875,0.392,10.586098439965305,10.617919415496347,0.483,0.0318209755310459,2.5183797209635554,22.0941314775782,1.2307635077361794,55.72767614707493,3.9996085956117406,[0 1 0 7]
91,223223,0.875,0.471,8.103435996686628,8.112914824549987,0.404,0.0094788278633597,2.329611160138057,22.10695502640388,1.6747376802998335,51.64817855302509,3.2449003250347106,[2 1 0 5]
93,223245,0.75,0.434,16.361750481755866,16.367717481533496,0.316,0.0059669997776303,1.9580866828469108,21.28180655871084,1.956672036909613,41.84737981013064,8.075065070373258,[1 2 1 4]
97,223289,0.875,0.336,4.854688793708316,4.872605670676845,0.5389999999999999,0.0179168769685285,2.300788266168317,20.86176595137937,2.5246387410087148,48.34870349692923,1.877759844020032,[1 2 0 5]
98,223300,0.75,0.364,3.045333350159982,3.0735943143025604,0.386,0.0282609641425781,1.788317350455619,18.85479307053147,1.5033131472482633,33.8253583645442,1.4103235541049912,[0 2 3 3]
101,223333,0.75,0.386,4.777805068476537,4.790990805823498,0.364,0.0131857373469603,2.4854965094921155,17.258279791189967,2.078976507859452,43.20550562169447,1.7032591565644484,[2 1 1 4]
106,223388,0.75,0.461,3.81390072846519,3.831533428138485,0.289,0.0176326996732947,1.5975453235840136,20.48752941946554,0.6712499069736515,32.74731928507146,2.0495586208065606,[0 1 0 7]
108,223410,0.75,0.36,7.377681806885563,7.394189357237056,0.39,0.016507550351493,2.221357948686181,16.828742604177723,1.903012496384691,37.62091416598474,3.078003976848503,[0 2 0 6]
110,223432,0.75,0.463,6.16377472622545,6.176464401192646,0.287,0.0126896749671967,1.7152944134707968,16.918085685204,0.8891861938263405,29.059551620309644,3.28156197341381,[0 1 3 4]
111,223443,0.75,0.444,9.774903633570084,9.811888322526826,0.306,0.0369846889567426,2.6188967305184745,20.964450170505916,1.821445543084628,55.11056309722533,3.5340748650703886,[0 1 0 7]
123,223575,0.75,0.388,3.2392259109378934,3.264313063298506,0.362,0.0250871523606126,1.8619277906546563,19.38501918102977,1.2987555626216245,36.1744220288633,1.4538480704363677,[1 0 1 6]
128,223630,0.75,0.495,2.091920583223553,2.1063899730895868,0.255,0.0144693898660337,1.938342377268126,22.26042539792852,1.4891509139406038,43.244766370134464,0.8029851432150558,[0 2 0 6]
131,223663,0.875,0.406,6.084009966597824,6.114368361623185,0.469,0.0303583950253614,1.8407492553923213,20.963727626684825,0.9703307654241368,38.63028059597256,3.0235273758095165,[0 1 1 6]
140,223762,0.75,0.354,10.280529033849412,10.314480473992356,0.396,0.0339514401429443,1.713356877620904,22.393307922544373,1.255147135627965,38.427949170213054,5.69479344843303,[0 0 3 5]
143,223795,0.75,0.327,5.768485988818799,5.776200431545061,0.423,0.0077144427262618,1.5300017382629671,21.72939032902732,0.6532619396917483,33.26102570350991,3.410130646782658,[0 2 2 4]
145,223817,0.75,0.492,3.506208497545733,3.5395337063862224,0.258,0.0333252088404889,1.91198836884679,22.183187012026472,0.9263286853008468,42.45095898694097,1.564759896611566,[0 0 1 7]
150,223872,0.75,0.475,0.8693124289063509,0.8854577233561831,0.275,0.0161452944498322,2.359062714218945,21.63959359514081,1.9481104604447568,51.255606205884064,0.1420285011194184,[0 5 1 2]
151,223883,0.75,0.374,6.797032393368251,6.805781526621064,0.376,0.0087491332528131,1.656367763404713,19.38334506950492,0.779339561141707,32.1318882849632,3.773782894858941,[2 0 1 5]
2,333355,0.75,0.362,2.8671792210317086,2.8826526406988973,0.388,0.0154734196671886,2.1060714665797926,20.945927958704928,1.9948365786201216,44.31322864390077,1.1025395687237605,[1 0 4 3]
4,333377,0.875,0.371,0.8172757084667759,0.8884016395423577,0.504,0.0711259310755818,2.5396077402030013,22.25898812179814,2.197011389125259,56.80378795478784,0.1325333415507198,[0 1 0 7]
8,333421,0.75,0.333,13.015005175535522,13.047442966351518,0.417,0.0324377908159956,1.61661370578499,19.6043498256784,0.8802965664557245,31.7245953389712,7.734304982927185,[0 0 4 4]
13,333476,0.75,0.44,5.147709776758632,5.163561986828084,0.31,0.0158522100694513,2.456639148345919,21.72247538983046,2.141083681892097,53.62287738998055,1.8748881838562912,[2 0 1 5]
15,333498,0.75,0.249,3.8371890414113303,3.92257821755061,0.501,0.0853891761392793,2.974375692997446,20.85974245308337,2.1336661677073696,62.36843745656087,1.131969482387449,[0 4 3 1]
16,333509,0.75,0.314,0.7837518979708125,0.8029338419206642,0.436,0.0191819439498517,2.4558883185817533,21.558227782565748,0.7809001710785123,52.97932253813393,0.099155050294876,[1 4 1 2]
17,333520,0.875,0.407,9.249799113676932,9.2780362839006,0.468,0.028237170223667,2.365807647167809,21.66884998197197,1.8704760414100563,51.45496971029227,3.688217157170938,[0 3 0 5]
30,333663,0.75,0.591,2.162891281373416,2.192764365120526,0.159,0.0298730837471099,1.6827680737436708,22.03761999660574,0.6220301805105608,37.09897285920663,0.981407860771794,[0 0 2 6]
31,333674,0.875,0.324,4.692313654860036,4.746085213924018,0.5509999999999999,0.053771559063982,2.992580085570683,20.99693072641285,2.1211081929014397,63.154799234426434,1.4007001969608963,[1 3 1 3]
35,333718,0.75,0.391,2.309974299090315,2.33957866149198,0.359,0.0296043624016646,2.584481955577544,21.20962012510429,2.349726033532839,55.15124615630096,0.6933969727402574,[0 0 2 6]
37,333740,0.75,0.36,9.608788738242806,9.639030632259358,0.39,0.0302418940165516,1.9980630637069463,21.631710309278063,1.998945304984652,43.405668937144114,4.547559100371037,[0 1 1 6]
40,333773,0.875,0.231,1.4039847341489349,1.4390889655760732,0.644,0.0351042314271383,1.619048837276144,21.211026480285,1.095466005348091,34.38745732339653,0.5414071084011717,[0 2 3 3]
41,333784,0.75,0.439,10.545781566010731,10.56376358757916,0.311,0.0179820215684269,2.6696724716981093,21.154367487633635,2.5780867840618003,56.89308151527094,3.7509704494286567,[1 1 0 6]
42,333795,0.75,0.512,8.278039534005762,8.287086999195475,0.238,0.0090474651897132,2.1831111932286045,21.8579656635788,1.8747366712535931,47.89356387782997,3.546819720767343,[0 2 0 6]
49,333872,0.75,0.307,4.8987517476009215,4.929453166850477,0.443,0.0307014192495556,1.6954822878133389,22.296165847562545,1.0465223343563288,37.84437322648953,2.578213767700978,[0 2 0 6]
53,333916,0.75,0.376,18.23298678420849,18.24645323417187,0.374,0.0134664499633814,2.0632256054974087,20.20740777364818,1.935961222104014,41.8833413003473,8.57414834114728,[2 0 1 5]
55,333938,0.75,0.331,4.405626289227025,4.435414008802422,0.419,0.0297877195753963,2.032033555172095,20.70483414521894,0.9118879070937098,42.11370284255418,1.9100774125545168,[1 0 0 7]
57,333960,0.75,0.519,13.194741641894892,13.21566935820598,0.2309999999999999,0.020927716311089,3.1359393415681374,22.303972176684983,2.278335059817453,70.30787092193901,4.0475950009784345,[1 1 1 5]
62,334015,0.875,0.595,15.736812380987352,15.753257567934154,0.28,0.016445186946802,1.923238307970816,21.111723580138182,0.8617468930406523,40.63668654166684,7.90831529227134,[1 0 1 6]
64,334037,0.75,0.342,1.0204413388158369,1.0802310292934263,0.408,0.0597896904775896,2.4012188544461237,22.015220648438472,2.1463012930020917,53.11399217488894,0.2193238987352469,[0 1 1 6]
